"Field","Street Address","City","State","Zip Code"
"1600 Park","1600 Park Ave","Hoboken","NJ","07030"
"2694-2698 Southampton Rd #1","2694 Southampton Rd","Philadelphia","PA","19116"
"4 Seasons Sports Complex #2","2710 Hampstead-Mexico Rd","Hampstead","MA","21074"
"7th Street Field #1","800 7th Street","Matamoras","PA","18336"
"900 Leonardville Rd #1","900 Leonardville Rd","Leonardo","NJ","07737"
"9v9 County FieldsCFY2","466 parkway road","Allentown","PA","18104"
"Afrim's Bethlehem Soccer Complex","450 Wemple Road","Wemple","NY","12077"
"Afrim's Latham Dome",,,,
"Agnes Irwin SchoolTurf","275 South Ithan Ave","Bryn Mawr","PA","19010"
"Agusta #7","10402 Decatur Rd","philadelphia","PA","19154"
"AlderferA1","Oak Dr & Maple Ave","Harleysville","PA","19438"
"AlderferA2","416 Oaks Drive","Harleysville","PA","19438"
"Allen Park #1","45 Motor Ave","Farmingdale","NY","11735"
"Allen PondTurf","3330 Northview Drive","Bowie","MD","20716"
"Allen PondTurf","3330 Northview Drive","Bowie","MD","20716"
"Allen's Meadow Complex #1",,,,
"Allens Meadows Park #1","423 Danbury Rd","Wilton","CT","06897"
"Allens Meadows Park #3","423 Danbury Rd","Wilton","CT","06897"
"Alma Turf Field #1",,,,
"Ambler Farms #1","257 Hurlbutt St","Wilton","CT","06897"
"Andy Brown Field #1","3300 Northview Drive","Bowie","MD","20716"
"Annapolis HSStadium","2700 Rive Rd.","Annapolis","MD","21401"
"Appoquinimink High School #1","1080 Bunker Hill Road","Middeltown","DE","19709"
"Archbishop Spalding High School","8080 New Cut Rd","Severn","MD","21144"
"Ark Road Fields #1","61 Ark Rd","Medford","NJ","08055"
"Arrowbrook Park #1","2351 Field Point Road","Herndon","VA","20171"
"Arsenal Soccer Schools Academy Mt Olive Training Center","184 Flanders Netcong Road","Flanders","NJ","07836"
"Arundel HS","1001 Annapolis Rd","Gambrills","MD","21054"
"Arundel HSTurf","1001 Annapolis Road","Gambrills","MD","21054"
"Arundel HS Bermuda9v9","1001 Annapolis Road","Gambrills","MD","21054"
"Arundel HS Front Bermuda11v11","1001 Annapolis Road","GAMBRILLS","MD","21054"
"Asphalt Green","555 E 90th St.","New York","NY","10128"
"Athenia Steel Park","718 Clifton Ave","Clifton","NJ","07013"
"Athenia Steel ParkASP1","718 Clifton Avenue","Clifton","NJ","07011"
"Athenia Steel Recreation Complex #1","718 Clifton Ave","Clifton","NJ","07013"
"Ave K Veterans Park #1","74 Ave K","Monroe twp.","NJ","08831"
"Aviator Sports Complex #1","3159 Flatbush Ave","Brooklyn","NY","11234"
"Aviator Sports Complex #2","3159 Flatbush Ave","Brooklyn","NY","11234"
"AW Cox School #1","143 Three Mile Course","Guilford","CT","06437"
"Back Mountain Rec Fields #1","55 Outlet Road","Dallas","PA","01812"
"Ballenger Creek ParkTurf","5420 Ballenger Creek Pike","Frederick","MD","21703"
"Ballenger Creek ParkTurf","5420 Ballenger Creek Pike","Frederick","MD","21703"
"Baltimore PolyTech HS9v9","1400 W Cold Spring Ln","Baltimore","MD","21209"
"Baltimore PolyTech HSTurf","1400 W Cold Spring Ln","Baltimore","MD","21209"
"Baltimore PolyTech HSTurf","1400 W Cold Spring Ln","Baltimore","MD","21209"
"Baltimore PolyTech HSTurf","1400 W Cold Spring Ln","Baltimore","MD","21209"
"Banner FieldTurf","1627 E Fort Ave","Baltimore","MD","21230"
"BARBOUR POND #4","Barbour pond drive","Wayne","NJ","07470"
"BARBOUR POND # 4","39 Barbour Pond","Wayne","NJ","07470"
"Barbour Pond Field #3","39 Barbour Pond Drive","Wayne","NJ","07470"
"Barbour Pond Turf","39 Barbour Pond Drive","Wayne","NJ","07470"
"Barnegat Soccer Field#1","1001 Barnegat Blvd North","Barnegat","NJ","08005"
"Barrack Hebrew AcademyTurf","272 S. Bryn Mawr Avenue","Bryn Mawr","PA","19010"
"Barrack Hebrew AcademyTurf","272 South Bryn Mawr Avenue","Bryn Mawr","PA","19010"
"Barrett Field","Baileys Mill Rd & Brook Dr S","Morristown","NJ","07960"
"Barrie SchoolField 01","13500 Layhill Road","Silver Spring","MD","20906"
"Baymen Soccer Complex #2","500 Cherry Ave.","West Sayville","NY","11796"
"Baymen Soccer Complex #3","500 Cherry Ave.","West Sayville","NY","11796"
"Baymen Soccer Complex #4","500 Cherry Ave.","West Sayville NY","NY","11796"
"Baymen Soccer Complex #1","500 Cherry Ave.","West Sayville","NY","11796"
"Beachmont","6433 Mt Vista Rd","Kingsville","MD","21087"
"Beachwood Soccer Complex #4","1600 Berkeley Avenue","Beachwood","NJ","08722"
"Bell Branch ParkA","2400 Davidsonville Road","Gambrills","MD","21114"
"Bell Branch ParkB","2400 Davidsonville Road","Gambrills","MD","21114"
"Bell Branch ParkC","2400 Davidsonville Road","Gambrills","MD","21114"
"Bell Branch ParkD3","2400 Davidsonville Road","Gambrills","MD","21054"
"Bell Branch ParkD4","2400 Davidsonville Road","Gambrills","MD","21054"
"Bell Branch ParkD5","2400 Davidsonville Road","Gambrills","MD","21054"
"Bell Branch ParkField 01","1150 Barbara Swann Way","Gambrills","MD","21054"
"Belmont Oval","Spring St and Botany St","Garfield","NJ","07026"
"Belmont Oval Field #1","Spring Street and Botany Street","Garfield","NJ","07026"
"Berkshire Community College #1","1350 West Street","Pittsfield","MA","01201"
"Berkshire Community College #2","1350 West Street","Pittsfield","MA","01201"
"Berry Lane Park #1","1000 Garfield Avenue","Jersey City","NJ","07305"
"Berwick Complex #1","1860 corkery lane","williamstown","NJ","08094"
"Berwick Complex #1","1860 Corkery Lane","Williamstown","NJ","08094"
"Berwick Soccer Complex#1","1866 Corkery Lane","Williamstown","NJ","08094"
"Berwick Soccer Complex#3","1866 Corkery Lane","Williamstown","NJ","08094"
"Bey Lea Soccer Complex FSBL1",,,,
"Bey Lea Soccer Complex SSBL2",,,,
"BG&E Field #01","9550 H.G. Trueman Road","Lusby","MD","20657"
"Big Meadow 9v9 #1","249-299 Stoneyford Road","Holland","PA","18966"
"Bob Bende Park #1","293 Medford-Mount Holly Rd","Medford","NJ","08055"
"Bonner High School","403 North Lansdowne Avenue","Drexel Hill","PA","19026"
"BORDENTOWN-FRIENDSHIP FIELDS #9","455 Ward Avenue","Chesterfield","NJ","08505"
"Boys Latin School of MarylandGrass","822 W Lake Ave","Baltimore","MD","21210"
"Bretton WoodsField 01","15700 River Road","Germantown","MD","20874"
"Bretton WoodsField 01","15700 River Rd","Germantown","MD","20874"
"BRHS-TURF #2","600 GARRESTON RD","BRIDGEWATER","NJ","08807"
"Bridgewater Soccer Association #1",,,,
"Bridgewater Turf #2","600 Garretson Road","Bridgewater","NJ","08807"
"Brookdale Meadow LargeBML",,,,
"Brookdale Meadow SmallBMS",,,,
"Brookdale Park StadiumBPS",,,,
"Bruns Park East #1","4990 Merrick Road","Massapequa Park","NY","11762"
"Bryantown Soccer Complex #12",,,,
"Bryantown Soccer Complex #3","5665 Bryantown Road","Waldorf","MD","20601"
"Bryantown Soccer Complex #6",,,,
"Bryantown Sports Complex #13","5665 Bryantown Rd","Waldorf","MD","20601"
"Bryantown Sports Complex #3",,,,
"Bryantown Sports Complex #6",,,,
"Bryn Mawr SchoolField 01","109 W. Melrose Avenue","Baltimore","MD","21210"
"Bryn Mawr SchoolTurf","109 W. Melrose Avenue","Baltimore","MD","21210"
"BSC Complex - #4Grass","1600 Berkeley Ave","Beachwood","NJ","08722"
"C. Milton Wright High School (Turf) #3","1301 N Fountain Green Rd","Bel Air","MD","21015"
"Calvert Hall College High SchoolTurf","8102 La Salle Road","Baltimore","MD","21286"
"Calvert Hall HSStadium","8102 Lasalle Road","Baltimore","MD","21286"
"Calvert Regional Park Turf#4","304 Brick Meetinghouse Rd","North East","MD","21901"
"Calverton School #1","300 Calverton School Rd","Huntingtown","NJ","20639"
"Calverton SchoolTurf","300 Calverton School Rd","Huntingtown","MD","20639"
"Calverton School Alumni Field","300 Calverton School Road","Huntingtown","MD","20639"
"Calverton School Turf",,,,
"Camp Dawson","80 Jacksonville rd","Towaco","NJ","07082"
"Cape Horn Park #1","2400 Cape Horn Road","Hampstead","MD","21074"
"Cape Horn Park #4","2400 Cape Horn Road","Hampstead","MD","21074"
"Capelli Sport Complex (Wayside Rd)#4 FS","1659 Wayside Road","Tinton Falls","NJ","07712"
"Capelli Sport Complex (Wayside Rd)#4 SS A","1659 Wayside Road","Tinton Falls","NJ","07712"
"Capelli Sport Complex (Wayside Rd)#4 SS B","1659 Wayside Road","Tinton Falls","NJ","07712"
"Capelli Sport Complex (Wayside Rd)#5 FS","1660 Wayside Road","Tinton Falls","NJ","07712"
"Capelli Sport Complex (Wayside Rd)#6 FS","1660 Wayside Road","Tinton Falls","NJ","07712"
"Capelli Sport Complex (Wayside Rd)#6 SS A","1660 Wayside Road","Tinton Falls","NJ","07712"
"Capelli Sport Complex (Wayside Rd) #3","1659 Wayside Road","Tinton Falls","NJ","07712"
"Capelli Sport Field at St. Benedict's Preparatory School Field (Lower) #1","520 Dr Martin Luther King Jr Blvd","Newark","NJ","07102"
"Capelli Sport Field at Sycamore Recreation Complex#5 FS","977 Sycamore Avenue","Tinton Falls","NJ","07724"
"Capelli Sport Field at Sycamore Recreation Complex#5 SS A","977 Sycamore Avenue","Tinton Falls","NJ","07724"
"Capelli Sport Outdoor Complex (Pine Island)","547 Glenwood Rd","Pine Island","NY","10969"
"Cardinal Field #1",,,,
"Cardinal Gibbons School BabeRuth","3225 Wilkens Avenue","Baltimore","MD","21229"
"Cardinal O'Hara SchoolTurf","1701 S SPROUL ROAD","SPRINGFIELD","PA","19064"
"Cardinal Stadium","800 Loch Alsh Avenue","Fort Washington","PA","19034"
"Cardinal Stadium #1","800 Loch Alsh Ave.","Fort Washington","PA","19034"
"Carpenter #1","1000 Horsham Road","Ambler","PA","19002"
"Carsins RunField A","500 Carsins Run Rd","Aberdeen","MD","21001"
"Carsins Run FieldC","500 Carsins Run Rd","Aberdeen","MD","21001"
"Carsins Run FieldsField A","500 Carsins Run Rd","Aberdeen","MD","21001"
"Carsins Run FieldsField B","500 Carsins Run Rd","Aberdeen","MD","21001"
"Cattell #04","1002 Cattell Road","Deptford","NJ","08096"
"Cattell Complex in Deptford #1","1002 Cattell Rd","Wenonah","NJ","08090"
"Cattell Complex in Deptford #1","1002 Cattell Rd","Wenonah","NJ","08090"
"Caven Point - small sided1 and 2",,,,
"Caven Point large sided #1","Caven Point Rd","Jersey City","NJ","07305"
"Caven Point Turf #1","1 Chapel ave","Jersey City","NJ","07305"
"CCBC Catonsville","800 S Rolling Rd","Catonsville","MD","21228"
"CCBC Essex FieldTurf","7201 Rossville Blvd.","Baltimore,","MD","21237"
"CCBC Essex FieldTurf","7201 Rossville Blvd","Rosedale","MD","21237"
"Cedar Creek Park","3340 Merrick Rd","Seaford","NY","11783"
"Cedar Crest College #1","100 College Dr","Allentown","PA","18104"
"Cedar Grove HS Turf","90 Rugby Road","Cedar Grove","NJ","07009"
"CEDAR HOLLOW","841 CEDAR HOLLOW ROAD","MALVERN","PA","19355"
"Cedar Hollow Park","785 Cedar Hollow Road","Malvern","PA","19355"
"Cedar Lane Regional Park #4","1100 Cedar Lane","Bel Air","MD","21014"
"Cedar Lane Regional Park #12Turf","1100 Cedar Lane","Bel Air","MD","21015"
"Cedar Lane RP (Harford)","1100 Cedar Lane","Bel Air","MD","21015"
"Cedar Ridge School #1","12146 Cedar Ridge Rd","Williamsport","MD","21795"
"Cedarbrook Park","40 Cedar Ct","Plainfield","NJ","07060"
"Centennial Field #1","880 Bloomfield Ave","Verona","NJ","07044"
"Centennial HSStadium","4300 Centennial Ln","Ellicott City","MD","21042"
"Centercourt - Mt Olive #1","184 Flanders Netcong Rd","Flanders","NJ","07836"
"Centereach Park #1","31 Horsheblock Road","Centereach","NY","11720"
"Central Park #1",,,,
"Central Park #2",,,,
"Central Park #3",,,,
"Central Park3A","91 Central Ave","MORRIS PLAINS","NJ","07950"
"Central Park3B","91 Central Ave","MORRIS PLAINS","NJ","07950"
"Central Park #4",,,,
"Central Park #5","399 New Britain Rd","Doylestown","PA","18901"
"Central Park  #2","425 Wells Rd","Doylestown","PA","18901"
"Central Park (New Britain Rd Entrance)Field 5","331 New Britain road","Doylestown","PA","18901"
"Central Park of Morris County (Field 1)CPM1","91 Central Avenue","Morris Plains","NJ","07950"
"Central Regional High SchoolTurf","509 Forest Hills Parkway","Bayville","NJ","08721"
"Central Valley #29","45 Route 32","Central Valley","NY","10917"
"CFC Field 1","200 New Vernon Road","Gillette","NJ","07928"
"CFC Field 3","200 New Vernon Road","Gillette","NJ","07933"
"CFC Mount Olive Turf #1","184 Flanders Netcong Rd","Flanders","NJ","07836"
"CHAC South","Camp Hill & Highland Avenue","Fort Washington","PA","19034"
"Chancellor's Run Regional ParkField 01","1905 Chancellor's Run Road","Great Mills","MD","20634"
"Chancellors Run ComplexField 01","21905 Chancellor's Run Road","Great Mills","MD","20634"
"Chancellors Run ComplexField 02","21905 Chancellors Run Road","Great Mills","MD","20634"
"Chapel Ave Turf","2000 Chapel Ave W","Cherry Hill","NJ","08002"
"Chase Collegiate #1","565 Chase Pkwy","Waterbury","CT","06708"
"Cherokee High School TurfCHS08","120 Tomlinson Mill Rd","Marlton","NJ","08053"
"Cherokee Street Elementary School #1","135 Cherokee st.","Ronkonkoma","NY","11779"
"Cherokee Street Elementary School #4","130 Cherokee St","Ronkonkoma","NY","11779"
"Cherokee Street Elementary School #5","130 Cherokee St","Ronkonkoma","NY","11779"
"Cherry Hill FC #8","Cropwell Rd & Cobblestone Ln","Cherry Hill","NJ","08003"
"Cherry Hill HS WestTurf","Fulton St and Weld Ave","Cherry Hill","NJ","08002"
"Cherry Hill West High School 11v11 Grass","1501 Weld Ave.","Cherry Hill","NJ","08002"
"Chesland Soccer Park #1","401 elk forest rd","elkton","MD","21921"
"Chestnut Branch ParkA","545 Main Street","Mantua","NJ","08051"
"Choate Fields","333 Christian Street","Wallingford","CT","06492"
"Christopher Columbus Park #1","416 Paulison Avenue","Passaic","NJ","07055"
"Christopher Dock High School- Stadium Turf #1","1000 Forty Foot Road","Lansdale","PA","19446"
"Churchville Rec CenterField 06","111 Glenville Road","Churchville","MD","21028"
"City ParkFosina","453 5th Ave","New Rochelle","NY","10801"
"City ParkSkidelsk","453 5th Ave","New Rochelle","NY","10801"
"Clarkstown North HS #1","151 Congers Road","New City","NY","10956"
"Clarkstown South High School #1","31 Demerest Road","West Nyack","NY","10994"
"Clifton High School","333 Colfax Avenue","Clifton","NJ","07013"
"Clifton HS Turf #1",,,,
"Clover Hill Complex #2 #2","6 Clover Hill Road","Flemington","NJ","08822"
"Clover Hill Complex 1 #1","6 Clover Hill","Flemington","NJ","08822"
"Clover Hill Complex 8x8","6 Clover Hill","Flemington","NJ","08822"
"Clover Hill Soccer Complex","6 Clover Hill Road","Flemington","NJ","08822"
"Cohansey #2","50 Hoover Road","Bridgeton","NJ","08302"
"Cohansey SC",,,,
"College of Staten Island","2800 Victory Blvd","Staten Island","NY","10314"
"Colmar Manor CPField 02","3510 37th Ave","Colmar Manor","MD","20722"
"Colonia High School","180 East St.","Colonia","NJ","07067"
"Community Park #1","Little Falls Road","Cedar Grove","NJ","07009"
"Comstock #1","181 school rd","Wilton","CT","06897"
"Concordia Prep GrassField 02","1145 Concordia Drive","Towson","MD","21286"
"Concordia Prep SchoolTurf","1145 Concordia Dr","Baltimore","MD","21286"
"Concordia Prep TurfField 01","1145 Concordia Drive","Towson","MD","21286"
"Concordia Preparatory School #1","1145 Concordia Drive","Towson","MD","21286"
"Connecticut Sportsplex #1","150 Foxon Road","North Branford","CT","06471"
"Coucil Rock South High School #1","2002 Rock Way","Holland","PA","18966"
"Council Rock South 9v9 (Horse Farm Field) #12","2002 Rock Way","Holland","PA","18966"
"Count Basie Turf Feild #1","11 Henry street","Schrewsbury","NJ","07702"
"Covenant ParkField 01","4560 Centennial Lane","Ellicott City","MD","21042"
"Covenant ParkField 05","4560 Centennial Lane","Ellicott City","MD","21042"
"Covenant ParkField 06","4560 Centennial Lane","Ellicott City","MD","21042"
"Covenant ParkField 07","4560 Centennial Lane","Ellicott City","MD","21042"
"Covenant ParkField 08","4560 Centennial Lane","Ellicott City","MD","21042"
"Covenant ParkField 1A","4560 Centennial Lane","Ellicott City","MD","21042"
"Covenant ParkField 1B","4560 Centennial Lane","Ellicott City","MD","21042"
"Covenant ParkField 1B","4560 Centennial Lane","Ellicott City","MD","21042"
"Covenant ParkField 5A","4560 Centennial Lane","Ellicott City","MD","21042"
"Covenant ParkField 5B","4560 Centennial Lane","Ellicott City","MD","21042"
"Covenant ParkField 6A","4560 Centennial Lane","Ellicott City","MD","21042"
"Covenant ParkField 6B","4560 Centennial Lane","Ellicott City","MD","21042"
"Covenant ParkField 8A","4560 Centennial Lane","Ellicott City","MD","21042"
"Covenant ParkField 8B","4560 Centennial Lane","Ellicott City","MD","21042"
"Covered Bridge Park #1","225 Keeley Ave","Doylestown","PA","18901"
"Cowell Field (Veteran's Park)","2206 Kuser Rd","Hamilton Township","NJ","08690"
"Cowenton Parksm Field","8914 Cowenton Ave","Perry Hall","MD","21128"
"Cox Lower Field #1",,,,
"Creamery ParkLS2","8030 Spring Creek Rd","Alburtis","PA","18011"
"Creamery ParkLS4","8030 Spring Creek Rd","Alburtis","PA","18011"
"Creekview Park #1","4795 Creekview Road","Mechanicsburg","PA","17055"
"Crim#1F","1300 Crim Road","Bridgewater","NJ","08807"
"Crim #3","1300 Crim Road","Bridgewater","NJ","08807"
"Crim #4","1300 Crim Road","Bridgewater","NJ","08807"
"Crim #5","1300 Crim Road","Bridgewater","NJ","08807"
"Crockett Middle School Full #1","2631 Kuser Rd","Hamilton","NJ","08691"
"Cross Farm #1","10 Longbridge Road","Holmdel","NJ","07733"
"Cross Farm #10","10 Longbridge Road","Holmdel","NJ","07733"
"Cross Farm #11","10 Longbridge Road","Holmdel","NJ","07733"
"Cross Farm #2","10 Longbridge Road","Holmdel","NJ","07733"
"Cross Farm #3","10 Longbridge Road","Holmdel","NJ","07733"
"Cross Farm #6","10 Longbridge Road","Holmdel","NJ","07733"
"Cross Farm #7","10 Longbridge Road","Holmdel","NJ","07733"
"CROSS FARMS FIELD #10","Longbridge Rd. & Rt. 520","Holmdel","NJ","07733"
"CROSS FARMS FIELD #10","10 Longbridge Road","Holmdel","NJ","07733"
"CROSS FARMS FIELD #10","10 Longbridge Road","Holmdel","NJ","07733"
"CROSS FARMS FIELD #2","10 Longbridge Road","Holmdel","NJ","07733"
"CROSS FARMS FIELD #8","Longbridge Rd. & Rt. 520","Holmdel","NJ","07733"
"CROSS FARMS FIELD #9","Longbridge Rd. & Rt. 520","Holmdel","NJ","07733"
"Crown Sports CenterField 07","28410 Crown Road","Eden","MD","21822"
"Crows Woods1-4","901 East Atlantic Ave.","Haddonfield","NJ","08033"
"Croydon HallTurf","900 Leoardville Road","Leonardo","NJ","07737"
"Croydon Hall Turf #1","900 Leonardville Road","Leonardo","NJ","07737"
"CT Sportsplex #1","216 Foxon Road","North Branford","CT","06471"
"Dallas HS Stadium #1","2010 Conyngham Ave","Dallas","PA","18612"
"Danbury High SchoolTurf","43 Clapboard Ridge Rd","Danbury","CT","06811"
"Daniel P. Ryan Football Field #1","34 North State Home Road","Monroe Township","NJ","08831"
"DANUBIA SOCCER CLUB #1","1277 SOUTHAMPTON RD","PHILA","PA","19116"
"Danville Soccer Park #1","1098 East Market street","Danville","PA","17821"
"Davidsonville ParkField F","3042 Patuxent River Rd","Davidsonville","MD","21035"
"De Paul Catholic #1","1512 Alps Rd","Wayne","NJ","07470"
"DE Rush Field #4","740 Evanson Rd","Hockessin","DE","19720"
"DE Rush Smith Estate (Turf) #1","740 Evanson Rd","Hockessin","DE","19707"
"DecouD6","Cropwell Rd and Evesham Rd","Cherry Hill","NJ","08003"
"DecouD7","Cropwell Rd and Evesham Rd","Cherry Hill","NJ","08003"
"Decou 9v9D5","Cropwell Rd and Evesham Rd","Cherry Hill","NJ","08003"
"Decou Field Complex #1","Cropwell Rd","Cherry Hill","NJ","08003"
"Delaware Sports Complex #1","950 Levels Road","Middletown","DE","19709"
"Delaware Sports Complex EDP Futures Festival #1","955 Levels Road","Middletown","DE","19709"
"Delaware Union Park #4","860 Lewis Drive","Dover","DE","19904"
"Delaware Valley Friends School","19 E Central Ave","Paoli","PA","19301"
"Delaware Valley Friends SchoolDVFS","19 East Central Avenue","Paoli","PA","19301"
"Delaware Valley Friends SchoolTurf","19 East Central Avenue","Paoli","PA","19301"
"Delran Soccer Club",,,,
"Den of Lions - Riverbank Park","27 Somme Street","Newark","NJ","07105"
"Den of Lions - Riverfront Park","553 Raymond Blvd","Newark","NJ","07105"
"DePaul High School #1","1512 Alps Road","Wayne","NJ","07470"
"Deptford SA",,,,
"Diamond in the Pines #1",,,,
"Dideriksen Park1A","440 Dunhams Corner Road","East Brunswick","NJ","08816"
"Dideriksen Park #2","440 Dunhams Corner Rd","East Brunswick","NJ","08816"
"Dideriksen Park Field #4","440 Dunhams Corner Road","East Brunswick","NJ","08816"
"Dioguardi Field -- Montclair State","Yogi Berra Drive","Little Falls","NJ","07424"
"Division Ave HS #6","120 Division Ave","Levittown","NY","11756"
"Division Ave HS (6) #6","120 Division Ave","Levittown","NY","11756"
"Doc Cramer Sports Complex #1","490 Doc Cramer Boulevard","Manahawkin","NJ","08050"
"Doc Cramer Sports Complex #10","490 Doc Cramer Boulevard","Manahawkin","NJ","08050"
"Doc Cramer Sports Complex #6","490 Doc Cramer Boulevard","Manahawkin","NJ","08050"
"Donaldson County Park","800 South Second St","Highland Park","NJ","08904"
"Dorbrook #1","209 Route 537 East","Colts Neck","NJ","07722"
"Dorbrook #3","209 Route 537 East","Colts Neck","NJ","07722"
"Dorbrook Full #1","207 County Road 537 E","Colts Neck","NJ","07702"
"Dorbrook Full #2","207 County Road 537 E","Colts Neck","NJ","07702"
"Dorbrook Park #1","209 Country road 537 East","Colts Neck","NJ","07722"
"Dorbrook Park #1","353 Route 537","Colts Neck","NJ","07722"
"Dorbrook Recreation AreaFS1","209 County Route 537 East","Colts Neck","NJ","07722"
"Dorbrook Recreation AreaSS2","209 County Route 537 East","Colts Neck","NJ","07722"
"Dorbrook Recreation AreaSS3","209 County Route 537 East","Colts Neck","NJ","07722"
"Dorbrook SS # 2","209 Rt 537 East","Colts Neck","NJ","07722"
"Drew University","36 Madison Avenue","Madison","NJ","07940"
"Drew University #1","36 Madison Ave","Madison","NJ","07940"
"Drew University Small Sided #1","36 Madison Ave","Madison","NJ","07940"
"Drum Point Sports Complex #1","41Drum Point Road","Brick","NJ","08723"
"Drum Point Sports Complex #2","41 DRUM POINT ROAD","BRICK","NJ","08723"
"Drum Point Sports Complex #4","41 DRUM POINT ROAD","BRICK","NJ","08723"
"Duderstadt Grass Field","16 Dubois Road","Warren","NJ","07059"
"Duderstadt Turf Field","16 Dubois Road","Warren","NJ","07059"
"Dundalk HSTurf","1901 Delvale Ave","Baltimore","MD","21222"
"Dundee Island Park","38 Wall Street","Passaic","NJ","07055"
"East Brunswick Soccer",,,,
"East Hanover Middle School","477 Ridgedale Ave","East Hanover","NJ","07936"
"East Windsor PALA",,,,
"East Woods School Upper#1","31 Yellow Cote Rd","Oyster Bay","NY","11771"
"East Woods School Upper#2","31 Yellow Cote Rd","Oyster Bay","NY","11771"
"Eastern Reg ParkField 02","11723 Eastern Avenue","Middle River","MD","21220"
"Eastern Reg ParkField 10","11723 Eastern Avenue","Middle River","MD","21220"
"Eastern Regional High School #1","1401 Laurel Oak Road","Voorhees","NJ","08043"
"Eastern Regional ParkTurf","11723 Eastern Ave","Middle River","MD","21220"
"Eastern Regional ParkTurf","11723 Eastern Ave","Middle River","MD","21220"
"Eastern Regional Park Grass#2","11723 Eastern Avenue","Middle River","MD","21220"
"EASTERN TURF 7HS7","1401 Laurel Oak Road","Voorhees","NJ","08043"
"Echelon Complex #1","255 Echelon Road","Voorhees","NJ","08043"
"Echelon Complex #1","255 Echelon Road","Voorhees","NJ","08043"
"Echelon Complex 1EC1","255 Echelon Road","Voorhees","NJ","08043"
"Echelon Complex 2EC2","255 Echelon Road","Voorhees","NJ","08043"
"Echelon Complex 5EC5","255 Echelon Road","Voorhees","NJ","08043"
"ECPS Complex, Westville NJ11v11","216 Chestnut St","Westville","NJ","08093"
"ECPS Fields #1","216 Chestnut Street","Westville","NJ","08093"
"Edwards","1582 Fort Washington Avenue","Maple Glen","PA","19034"
"Edwards #1","1582 Fort Washington Avenue","Maple Glen","PA","19002"
"Edwards #2","1582 Fort Washington Avenue","Maple Glen","PA","19002"
"Elizabeth Seton HS #1","5715 Emerson St","Bladensburg","MD","20710"
"Elizabeth Seton Turf Field #1","5715 Emerson St","Bladensburg","MD","20710"
"Essex Valley High School","1 Henderson Drive","West Caldwell","NJ","07006"
"evergreen park #1","25 Kennedy RD","Tranquility","NJ","07821"
"Evergreen SportsPlex3A","19623 Evergreen Mills Rd","Leesburg","VA","20175"
"Evergreen Sportsplex #4","19623 Evergreen Mills Road","Leesburg","VA","20175"
"Evergreen SportsPlex4A","19623 Evergreen Mills Rd","Leesburg","VA","20175"
"EZ School #26 Westminster #2","631 Westminster Ave","Elizabeth","NJ","07206"
"Fairfax Christian SchoolField 01","1624 Hunter Mill Rd","Vienna","VA","22182"
"Fairland Aquatic Park #1","13950 Gunpowder Rd.","Laurel","MD","20707"
"Fairland Rec 5 Turf","3928 Greencastle Rd","Burtonsville","MD","20866"
"Fairland Rec Park #1","3928 Greencastle Rd","Burtonsville","MD","20866"
"Fairland Rec ParkField 05","3928 Greencastle Rd","Burtonsville","MD","20866"
"Fairleigh Dickinson University - Florham CampusGrass","285 Madison Ave.","Madison","NJ","07940"
"Fairview field #1","Oak Hill Road","Middletown","NJ","07748"
"Fairview field #2","Oak Hill Road","Middletown","NJ","07748"
"Fairview field SS #4","Oak Hill Road","Middletown","NJ","07748"
"Falcon Sports ComplexField 10","207 S. Brown Street","Fruitland","MD","21826"
"Falcon Sports ComplexField 11","207 S. Brown Street","Fruitland","MD","21826"
"Falcon Sports ComplexField11A","207 S. Brown Street","Fruitland","MD","21826"
"Farmington Sports Arena","11 Eecuive Drive","Farmington","CT","06032"
"FCSC Main Field","700 Rhawn Street","Philadelphia","PA","19111"
"FDU #1",,,,
"FDU Soccer Field #1","1000 River Road","Teaneck","NJ","07666"
"fellowship fields #1","241 Fellowship Rd","Chester Springs","PA","19425"
"Fenton Lane ParkField 2","15 Fenton Lane","Chesterfield","NJ","08515"
"Field #3","10 Golfview Drive","Blackwood","NJ","08012"
"Field of Dreams #1","424 Salisbury Park Drive","East Meadow","NY","11554"
"Field of Dreams #2","25 Cemetery Rd","Independence","NJ","07838"
"Field of Dreams #2","424 Salisbury Park Drive","East Meadow","NY","11554"
"Fieldstone Middle School #1","47 Spring Valley Rd","Montvale","NJ","07645"
"Fieldstone School #1","47 Spring Valley Road","Montvale","NJ","07645"
"Florida Union Free school","99 Edward j Lempka Drive","Florida","NY","10921"
"Foley FieldTurf","JFK Drive and James Street","Bloomfield","NJ","07003"
"Forest Hill Rec Complex #2","157 Rockspring Church Road","Forest Hill","MD","21050"
"Forest Hills #1","500 East End Avenue","Bayville","NJ","08721"
"Fort Lee High School","North Hoyt Ave","Fort Lee","NJ","07024"
"FORT STEVENS RECREATIONAL CENTER #1","1327 VAN BUREN ST NW","WASHINGTON","DC","20012"
"Fortunato (Large Sided)","10 Essex Ave","Montclair","NJ","07042"
"Fox Chapel ES #1","19315 Archdale Rd","Germantown","MD","20876"
"Fox Run Fields9 v 9","1297 Van Buren Rd.","Easton","PA","18045"
"Franconia Park #4","6100 Cloud Drive","Springfield","VA","22150"
"Franklin Ave Middle School  FAMS","755 franklin ave (franklin ave/pullis rd)","frankin lakes","NJ","07417"
"Freedom Field - Large Sided #1","880 Bloomfield Avenue","Verona","NJ","07044"
"Freedom HS #1","25450 Riding Center Dr.","Chantilly","VA","20152"
"Friends Park#1","35 E Jarrettsville Rd","Forest Hill","MD","21050"
"Friendship Fields",,,,
"Friendship ParkC","1901 Fisher Road","Mechanicsburg","PA","17055"
"Froehner Field","422 Runnymede Drive","Wayne","NJ","07470"
"FS Horse Shoe Lake #05","72 Eyland Avenue","Succasunna","NJ","07876"
"FS Horse Shoe Lake #11","72 Eyland Avenue","Succasunna","NJ","07876"
"FSA #5","11 Executive Drive","Farmington","CT","06032"
"Ft. Stevens Recreation Center","1327 Van Buren Street, N.W.","Washington","DC","20012"
"Ft. Ward ParkTurf","4301 W Braddock Rd","Alexandria","VA","22304"
"FTYSA #1","880 Dutch Mill Rd","Newfield","NJ","08344"
"Full90 Turf #1","235 Hope Road","Tinton Falls","NJ","07724"
"GAK Main","215 Uncle Pete's Rd","Yardville","NJ","08691-3733"
"Garrison Forest School","300 GARRISON FOREST RD","OWINGS MILLS","MD","21117"
"Garrison Forest SchoolTurf","300 Garrison Forest Rd","Owings Mills","MD","21117"
"Garrison Forest School- Hopkins Grass Field #2","300 Garrison Forest Rd","Owings Mills","MD","21117"
"Garwood Sports & Recreation Complex","140 Myrtle Avenue","Garwood","NJ","07027"
"Gateway Field/Hans Soliz #1","500 Grand St","Jersey City","NJ","07306"
"Geick Field #10","Old Bridge Matawan Rd","Matawan","NJ","07747"
"Geick Park","4209 Highway 516","Matawan","NJ","07747"
"Geick Park #10","4209 rt 516 old bridge high school","matawan","NJ","07747"
"General Van Fleet Field #1","Myrtle Avenue & 3rd Street","Fort Lee","NJ","07024"
"General Van Fleet Park","Myrte and 3rd street","Fort Lee","NJ","07024"
"Genesee Valley#2",,,,
"German American Kickers",,,,
"Gibbons Field #1","901 Caton Avenue","Baltimore","MD","21229"
"Gidney Field","449 Gidney Avenue","Newburgh","NY","12550"
"Gill Saint Bernard's - Grass","25 Saint Bernard's Road","Gladstone","NJ","07934"
"Gill Saint Bernard's - Turf","25 Saint Bernard's Road","Gladstone","NJ","07934"
"Glen Burnie High SchoolBermuda","512-538 Amberly Rd","Glen Burnie","MD","21061"
"Glenelg High School #1","14025 Burntwoods Rd","Glenelg","MD","21737"
"Gloucester Township Park Turf","380 Hickstown Road","Sicklerville","NJ","08081"
"Gloucester Twp Community ParkB","380 Hickstown Road","Sicklerville","NJ","08081"
"GOFFLE BROOK PARK","62 DIAMOND BRIDGE AVENUE","HAWTHORNE","NJ","07506"
"Golda Och Academy","1418 Pleasant Valley W","West Orange","NJ","07052"
"Goshen - Davies Complex #1","626 Goshen Road","Cape May Court House","NJ","08210"
"Gough ParkField 01","9201 Honeygo Boulevard","Perry Hall","MD","21128"
"Grace Episcopal Church Field","313 Main Street","Hulmeville","PA","19047"
"Greater Flemington SC",,,,
"Green Acres #19",,,,
"Green Acres #22",,,,
"Green Brook Middle School","132 Jefferson Ave","Greenbrook","NJ","08812"
"Greenway Meadows Park","275 rosedale Road","Princeton","NJ","08540"
"Greenway Meadows Park SS","275 Rosedale Road","Princeton","NJ","08540"
"Greenwich Catholic #1","471 North Street","Greenwich","NJ","06830"
"Greystone Park #4","59 Koch Ave","Morris Plains","NJ","07950"
"Gunnel Oval #3","520 Schuyler ave","Kearny","NJ","07032"
"Gunnel Oval Rec Field","520 Schuyler Ave","Kearny","NJ","07032"
"Gunnell Oval Complex","490 Schuyler Ave","Kearny","NJ","07032"
"Gwynn Park High School #1","13800 Brandywine Road","Brandywine","MD","20613"
"Hackettstown High School #1","599 Warren Street","Hackettstown","NJ","07840"
"Hackley School Benedict Field #1","293 Benedict Avenue","Tarrytown NY","NY","10538"
"Hackley School North Turf Field #1","293 Benedict Avenue","Tarrytown NY","NY","10538"
"Hackley School South Turf Field #1","293 Benedict Avenue","Tarrytown NY","NY","10538"
"Hackley School-- Benedict Field","293 Benedict Avenue","Tarrytown","NY","10591"
"Haddonfield Memorial High School","401 Kings Highway East","Haddonfield","NJ","08033"
"Hainesport Municipal Complex11v11","1401 Marne Hwy","Hainesport","NJ","08036"
"Hamden Hall Country Day School - Beckerman Athletic Fields (Back Turf Field) #1","225 Skiff Street","Hamden","CT","06517"
"Hamptonburgh #1","18 Bull Road","Campbell Hall","NY","10916"
"Hamptonburgh Park #1","18 BULL RD","Campbell Hall","NY","10916"
"Harford Community CollegeGrass","401 Thomas Run Road","Bel Air","MD","21015"
"Harford Community CollegeTurf","401 Thomas Run Rd","Bel Air","MD","21015"
"Harford Technical High School #1","200 Thomas Run Road","Bel Air","MD","21015"
"Harry Dunham Park","234 Liberty Corner Road","Basking Ridge","NJ","07920"
"Harvey Field #1","280 Schuyler Ave","Kearny","NJ","07032"
"Haverford Reserve #1","9000 Parkview Dr","Haverford","PA","19041"
"Heavenly Farms TurfA","440 Dunhams Corner Rd","East Brunswick","NJ","08816"
"Heavenly Farms TurfB","440 Dunhams Corner Road","East Brunswick","NJ","08816"
"Heavenly Farms TurfB","440 Dunhams Corner Rd","East Brunswick","NJ","08816"
"Heebner #1","3115-3145 Heebner Rd","Colelgeville","PA","19426"
"Heebner #1","3115-3145 Heebner Rd","Colelgeville","PA","19426"
"Heebner #2","3115-3145 Heebner Rd","Colelgeville","PA","19426"
"Hennings #1",,,,
"Herbert Hoover ElementaryFS","501 Trenton Road","Langhorne","PA","19047"
"Herbert Hoover ES #4","501 Trenton Road","Langhorne","PA","19047"
"Herbst #2","5480 Durham Rd","Pipersville","PA","18947"
"Herndon High School #1","700 Bennett Street","Herndon","VA","20170"
"Herndon High school Aux Field #2","700 Bennett St","Herndon","VA","20170"
"Hetzel FieldA","1301 E. Columbia Avenue (Columbia Ave & Thompson St)","Philadelphia","PA","19125"
"Hibernian Club","2419 Kuser Road","Hamilton","NJ","08690"
"Hickory St Soccer1 FS","5766 Hickory St","Mays Landing","NJ","08330"
"Hickory St Soccer2 SS","5766 Hickory St","Mays Landing","NJ","08330"
"Hidden Creek #1",,,,
"Hidden Creek Park #1","50 Millfording Road","Mechanicsburg","PA","17050"
"Higgins Field","200 higgins Road","old bridge","NJ","08857"
"Highland Park HS","105 Nth 5th St","Highland Park","NJ","08904"
"Highland Park HS","255 Wayne St","Highland Park","NJ","08904"
"Hill Top #3","560 Royersford Rd","Royersford","PA","19468"
"Hill Top4A","560 Royersford Rd","Royersford","PA","19468"
"Hill Top4B","560 Royersford Rd","Royersford","PA","19468"
"Hill Top #9","560 Royersford Rd","Royersford","PA","19468"
"Hillsborough SC - Country Classics #1",,,,
"Hillsborough SC - Country Classics #2",,,,
"Hillsborough SC - Southwoods Rd #2",,,,
"Hilltop Park","400 Bunn Drive","Princeton","NJ","08540"
"Holmdel High SchoolTurf","36 Crawford's Corner Road","Holmdel","NJ","07733"
"Holy Cross Academy #1","5035 Route 130 South","Delran Township","NJ","08075"
"Home DepotFields","1555 St. George's ave Route 35","Colonia","NJ","07067"
"Hommocks Field #1","130 Hommocks Road","Larchmont","NY","10538"
"Hommocks Middle School #1","130 Hommocks Rd","Larchmont","NY","10538"
"Honeygo ParkGrass","9033 Honeygo BLVD","Perry Hall","MD","21228"
"Honeygo ParkTurf","9033 Honeygo BLVD","Perry Hall","MD","21228"
"Honeygo Run ParkTurf","9033 Honeygo Blvd","Perry Hall","MD","21128"
"Horseshoe Lake #5","72 Eyland Ave","Succasunna","NJ","07876"
"Houlihan","1600 Rahway Avenue","Westfield","NJ","07090"
"HTRSA Full Sided #2","1242 Yardville-Allentown Rd","Hamilton","NJ","08501"
"Hungarian American Citizens Club #1","95 Port Reading Ave","Woodbridge","NJ","07095"
"HUSA Complex#2","29 Green Acre Drive","Hazlet","NJ","07730"
"HUSA Complex#3","29 Green Acre Drive","Hazlet","NJ","07730"
"HUSA Complex#4","29 Green Acre Drive","Hazlet","NJ","07730"
"HUSA Complex#5","29 Green Acre Drive","Hazlet","NJ","07730"
"Huston - Allen Pond Park #1","3330 Northview Drive","Bowie","MD","20716"
"Hutchison ElementaryTurf","13209 Parcher Ave","Herndon","VA","20170"
"Indian Creek HSField 01","1130 Anne Chambers Way","Crownsville","MD","21032"
"Indian Creek HSField 02","1130 Anne Chambers Way","Crownsville","MD","21032"
"Indian Creek Upper School Field #1","1130 Anne Chambers Way","Crownsville","MD","21032"
"Indian Creek Upper School Field #1","1130 Anne Chambers Way","Crownsville","MD","21032"
"Indian Creek Upper School Field #2","1130 Anne Chambers Way","Crownsville","MD","21032"
"Iron Lakes Turf Field #1","3625 Shankweiler Road","Allentown","PA","18104"
"Ironbound Rec Center #1","44 ST CHARLES ST","NEWARK","NJ","07105"
"Ironbound StadiumB","108 Saint Charles Street","Newark","NJ","07105"
"Irvington high school #1",,,,
"Iselin Middle School","900 Panther Way","Iselin","NJ","08830"
"Jackson Justice Complex #1","1 Jackson Drive","Jackson Township","NJ","08527"
"Jackson Mills2 (9v9)","334 Jackson Mills Road","Jackson","NJ","08527"
"Jackson MillsJM1","116 Jackson Mils","Freehold","NJ","07728"
"Jackson MillsJM3","116 Jackson Mills Road","Freehold","NJ","07728"
"Jackson MillsJM5","116 Jackson Mills Road","Freehold","NJ","07728"
"Jackson Mills Field Complex #1","116 Jackson Mills Road","Freehold","NJ","07728"
"Jakes Branch County Park #1","1100 Double Trouble Road","Beachwood","NJ","08722"
"Jakes Branch County Park #1","1100 Double Trouble Road","Beachwood","NJ","08722"
"Jannarone ParkTurf","1 Walsh Dr","Parsippany","NJ","07054"
"Jean McInaw Field","Fort Washington Ave & 152 Limekiln Pike","Maple Glen","PA","19002"
"Jean McInaw Memorial Field #1","Fort Washington Avenue and Route 152 (Limekiln Pike)","Maple Glen","PA","19002"
"Jean McInaw Memorial Field #1","1580 Fort Washington Ave","Maple Glen","PA","19002"
"Jefferson Houston - Full Sided #1","1501 Cameron Street","Alexandria","VA","22314"
"Jelleff Recreation CenterTurf","3265 S St NW","Washington","DC","20007"
"Jersey Knights Complex","2186 Route 27","North Brunswick","NJ","08902"
"Jersey Knights Complex #1",,,,
"JFK High School Turf","200 Washington Ave","Iselin","NJ","08830"
"Jim Dietrich Park #2 11v11","4899 Stoudts Ferry Bridge Rd.","Reading","PA","19605"
"John Carroll HS","703 E Churchville Road","Bel Air","MD","21014"
"John Carroll School #1","703 Churchville Rd","Bel Air","MD","21014"
"John F Kennedy Memorial High School","200 Washington Avenue","Iselin","NJ","08830"
"John F. Kennedy Middle School Field #1",,,,
"John J Burns Park #1","4990 Merrick Rd","Massapequa Park","NY","11762"
"John Patrick Sports Complex #1","1100 Vine Street","Lakewood","NJ","08701"
"John Patrick Sports Complex #2","1111 Vine Street","Lakewood","NJ","08701"
"John Rudy Park #1","400 Mundis Race Rd","York","PA","17406"
"Justice Complex1B",,,,
"Kantor Park","915 Valley Road","Gillette","NJ","07933"
"Kenas #2","1170 Kenas Rd.","North Wales","PA","19454"
"Kennedy #2","355 North Main Street","New City","NY","10956"
"Kennedy Catholic High School #1",,,,
"Kennedy Dells Park #1","355 North Main Street","New City","NY","10956"
"Kennedy Dells Park #1","355 North Main Street","New City","NY","10956"
"Kennedy Dells Park #1","355 North Main Street","New City","NY","10956"
"Kennedy Dells Park #2",,,,
"Kennedy FieldKen","455 Broadway","Norwood","NJ","07648"
"Keystone  Large-Sided #1",,,,
"Keystone  Large-Sided #3","4218 Manor Drive","Stroudsburg","PA","18360"
"Keystone Small-Sided #2","4218 Manor Drive","Stroudsburg","PA","18360"
"Keystone Small-Sided #4","4218 Manor Drive","Stroudsburg","PA","18360"
"KildaresPubWC-Turf Field #1","601 Westtown Road","West Chester","PA","19382"
"Kinder Park LowerField 01","1001 Kinder Farm Park Road","Millersville","MD","21108"
"Kinder Park LowerField 02","1 Gali Sanchez Way","Millersville","MD","21108"
"Kinder Park UpperField B","Gali Sanchez Way","Millersville","MD","21108"
"King II#1 Upper","5000 Kelly Rd","Warrington","PA","18976"
"King II#2 Lower","5000 Kelly Rd","Warrington","PA","18976"
"Kings Park IILower","5000 Kelly Drive","Warrington","PA","18976"
"Kings Park IIUpper","5000 Kelly Drive","Warrington","PA","18976"
"kirkwood park #2",,,,
"Kirkwood Soccer ClubField","1220 River Road","New Castle","DE","19706"
"Kohler Park","1100 Limekiln Pike","Maple Glen","PA","19002"
"Kohler Park #2","1100 Limekiln Pike","Maple Glen","PA","19002"
"KSC Complex#7","1220 River Rd","New Castle","DE","19720"
"KSC Field #01","1220 River Road","New Castle","DE","19720"
"Lakeside School #1","111 Chestnut Lane","North Wales","PA","19454"
"Lancaster Bible College #1","901 Eden Road","Lancaster","PA","17601"
"Landon SchoolTriplett","6101 Wilson Lane","Bethesda","MD","20817"
"Langtree School","2080 Whatley Rd.","Hamilton Township","NJ","08690"
"Latrobe Park - Banner Field","1627 E Fort Ave","Baltimore","MD","21230"
"Latteri Park #1","81 Allwood Place","Clifton","NJ","07013"
"Laurel Hill Park","Laurel Hill Rd","Secaucus","NJ","07086"
"Laurel Springs Regional Park #2","5940 Radio Station Road","La Plata","MD","20646"
"Laurel Springs Regional Park #2",,,,
"Laurel Springs Regional Park Field #1",,,,
"Legion Field #1","613-699 Chestnut St","Palmyra","NJ","08065"
"Lehigh County #12","4200 Broadway","Allentown","PA","18104"
"Lehigh County #2","Lehigh County Sports Fields","Allentown","PA","18062"
"Lehigh County Large #7","Lehigh County Sports Fields","Allentown","PA","18062"
"Lehigh County Large #8","Lehigh County Sports Fields","Allentown","PA","18062"
"Lehigh County Sport Field #4","466 Parkway Rd","Allentown","PA","18104"
"Lehigh County Sport Field #5","466 Parkway Rd","Allentown","PA","18104"
"Lehigh County Sports Fields #1","4400 Broadway","Allentown","PA","18104"
"Lehigh County Sports Fields #2","4400 Broadway","Allentown","PA","18104"
"Lehigh County Sports Fields #6","4400 Broadway","Allentown","PA","18104"
"Lehigh U KaufmanA",,,,
"Lehigh U KaufmanD","123 Goodman Drive","Bethlehem","PA","18015"
"Lehigh University Goodman Campus KaufmanD","150 Goodman Dr","Bethlehem","PA","18105"
"Lehman Stadium #1","1128 Old Route 115","Lehman","PA","18627"
"Lenape Field Complex #3","119 Sergeantsville Road","Flemington","NJ","08822"
"Lenape Field Complex #4","119 Sergeantsville Road","Flemington","NJ","08822"
"Levans#1","3421 Levans Rd","Coplay","PA","18037"
"Lewis Cole Middle School","467 Stillwell Ave","Fort lee","NJ","07024"
"Lewisburg High School #1","545 Newman Road","Lewisburg","PA","17837"
"Lighted Field #3","130 Davisville Rd","Warminster","PA","18974"
"Lighthouse Soccer Field #1","2694-2698 Southampton Rd","Philadelphia,","PA","19116"
"Lighthouse Soccer Field #1","2694-2698 Southampton Rd","Philadelphia,","PA","19116"
"Lilly Field #1","395 Danbury Rd","Wilton","CT","06897"
"LiMato Field","10 Chief William Forst Ln.","Ewing","NJ","08628"
"Lincoln",,,,
"Lindenhurst Middle School #1","350 S Wellwood Ave.","Lindenhurst","NY","11757"
"Linganore High Schoolstadium","12013 Old Annapolis Rd","Frederick","MD","21701"
"Linover Park","7600%E2%80%937644 Lillian Holt Dr","Nottingham","MD","21237"
"Linover Park #1","7664 Lillian Holt Drive","Rosedale","MD","21237"
"LIU: CW Post Campus #1",,,,
"LMSA Soccer ComplexF1","100 S. Colonial dr","Manchester","NJ","08759"
"LMSA Soccer ComplexF2","100 S. Colonial dr","Manchester","NJ","08759"
"Loantaka Brook Park #1","468 South Street","Morristown","NJ","07692"
"Locke AveG","2nd Street and Locke Ave","Swedesboro","NJ","08085"
"Loisdale ParkTurf","7601 Loisdale Road","Springfield","VA","22150"
"Long Hill GrassField","915 Valley Road","GIllette","NJ","07933"
"Long Reach HSStadium","6101 Old Dobbin Lane","Columbia","MD","21045"
"Lower Dauphin Middle School Grass #1","251 Quarry Rd","Hummelstown","PA","17036"
"Lower Dauphin Middle School WestTurf","251 Quarry Rd","Hummelstown","PA","17036"
"Lower Memorial","94 Ashland Road","Summit","NJ","07901"
"Lower Nazareth Elementary9v9","4422 Newburg Rd","Nazareth","PA","18064"
"Lucy D Field","Myrtle Ave","Madison","NJ","07940"
"Lum Turf 1","21 Lum Avenue","Chatham","NJ","07928"
"Lurker Park - LP3","Eagle Rock and Ridegdale Ave","East Hanover","NJ","07936"
"Luzerne County Sports ComplexA","2009 Wyoming Avenue","Forty Fort","PA","18704"
"Lynbrook South Middle SchoolScoreboa","333 Union Avenue","Lynbrook","NY","11563"
"MacArthur High School #10","3369 Old Jerusalem Road","Levittown","NY","11756"
"Macclesfield ParkC","1000 River Road","Yardley","PA","19067"
"Macclesfield ParkD","1000 River Road","Yardley","PA","19067"
"Macclesfield ParkF","1000 River Rd","Yardley","PA","19067"
"Macclesfield ParkI","1000 River Road","Lower Makefield","PA","19067"
"Macclesfield ParkL","1000 River Road","Yardley","PA","19067"
"Madison Area YMCA - Y Field #4","111 Kings Rd","Madison","NJ","07940"
"Madison High School","170 Ridgedale Ave","Madison","NJ","07940"
"Magruder Park #1","3911 Hamilton St","Hyattsville","MD","20781"
"Main WSC #08","1900 Bailey's Corner Road","Wall","NJ","07719"
"Main WSCTurf #1","1900 Bailey's Corner Road","Wall","NJ","07719"
"Manahasset Creek Park Turf",,,,
"Manahassett Creek Park #1","555 Long Branch Ave","Long Branch","NJ","07740"
"Manahassett Creek Park #1","555 Long Branch Ave","Long Branch","NJ","07740"
"Manalapan Rec CenterB","93 Freehold Road","Manalapan","NJ","07726"
"Manhattanville College","2900 Purchase Street","Purchase","NY","10577"
"Manhattanville CollegeTurf","2900 Purchase Street","Purchase","NY","10577"
"Maple Shade Turf Field","330 Collins Lane","maple shade","NJ","08052"
"Marine Barracks Field","1009 7th St SE","Washington","DC","20003"
"MARITIME CollegeA",,,,
"Mark Harbourt #3","577 Old York Road","Allentown","NJ","08501"
"Mark Harbourt #4","577 Old York Road","Allentown","NJ","08501"
"Mark Harbourt Complex #4","577 Old York Road","Allentown","NJ","08501"
"Marlboro Meadows #1","4428 Dery Road","Upper Marlboro","MD","20722"
"Marlboro Middle School #6","355 County Rd 520","Marlboro","NJ","07746"
"Marlton SC",,,,
"Marriotts Ridge High School","12100 Woodford Drive","Marriottsville","MD","21104"
"Marriotts Ridge High SchoolStadium","12100 Woodford Drive","Marriottsville","MD","21104"
"Marriotts Ridge High Schoolstadium","12100 Woodford Dr","Marriottsville","MD","21104"
"Marriotts Ridge HS","12100 Woodford Drive","Marriottsville","MD","21104"
"Marriotts Ridge HS","12100 Woodford Drive","Marriottsville","MD","21104"
"Marriotts Ridge HSStadium","12100 Woodford Dr","Marriottsville","MD","21104"
"Marter Field #4","2093 Old York Road","Burlington (Florence Township)","NJ","08518"
"Martin Luther King Pk","1120 Jackson Rd.","Silver Spring","MD","20904"
"Martin Luther King Pk #4","1120 Jackson Rd.","Silver Spring","MD","20904"
"Martin Luther King PkTurf","1120 Jackson Road","Silver Spring","MD","20904"
"Maryland SoccerPlex#12","18031 Central Park Circle","Boyds","MD","20841"
"Maryland SoccerPlex#13B","18031 Central Park Cir","Boyds","MD","20841"
"Maryland SoccerPlex12A","18031 Central Park Circle","Boyds","MD","20841"
"Maryland Soccerplex #17","18031 Central Park Circle","Boyds","MD","20841"
"Maryland SoccerPlex20A","18031 Central Park Cir","Boyds","MD","20841"
"Maryland SoccerPlex #4","18031 Central Park Circle","Boyds","MD","20841"
"Maryland SoccerPlex #7","18031 Central Park Circle","Boyds","MD","20841"
"Maryland SoccerPlex7B","18031 Central Park Cir","Boyds","MD","20841"
"Maryland SoccerPlex #8","18031 Central Park Circle","Boyds","MD","20841"
"Maryland SoccerPlex #9","18031 Central Park Circle","Boyds","MD","20841"
"Maryland SoccerPlex9A","18031 Central Park Circle","Boyds","MD","20841"
"Masters School #1","49 Clinton Ave","Dobbs Ferry","NY","10522"
"Mattano Park",,,,
"Maxson School","920 E.7th st","Plainfield","NJ","07060"
"MAYS (Mid-Atlantic Youth Sportsplex) #1","6605 Morris Road","Pittsville","MD","21850"
"McDonogh School #1","8600 McDonogh Road","Owings Mills","MD","21117"
"McDonogh School #13","8600 McDonogh Road","Owings Mills","MD","21117"
"Mcinaw","1580 Fort Washington Avenue","Maple Glen","PA","19034"
"Md SoccerPlex#12B","18031 Central Park Circle","Boyds","MD","20841"
"Md SoccerPlexField 03","18031 Central Park Circle","Boyds","MD","20841"
"Md SoccerPlexField 13","18031 Central Park Circle","Boyds","MD","20841"
"Md SoccerPlexField 13","18031 Central Park Circle","Boyds","MD","20841"
"Md SoccerPlexField 13","18031 Central Park Circle","Boyds","MD","20841"
"Md SoccerPlexField 16","18031 Central Park Circle","Boyds","MD","20841"
"Md SoccerPlex Field06A","18031 Central Park Circle","Boyds","MD","20841"
"Meade HSTurf","1100 Clark Road","Fort Meade","MD","20755"
"Meadowood Regional Park #2","10650 Falls Rd","Lutherville-Timonium,","MD","21093"
"Meadows Field #2","130 Davisville Rd","Warminster","PA","18974"
"Medford",,,,
"Medford Soccer Club - Bende Park #1","291 Mt Holly Road","Medford","NJ","08055"
"Medford Soccer Club - Bende Park #2","291 Mt Holly Road","Medford","NJ","08055"
"Medford Strikers",,,,
"Medford Strikers Ark Road Complex #3","61 Ark Road","Medford","NJ","08055"
"Mehrhof Turf Field #1","179 Mehrhof Road","Little Ferry","NJ","07643"
"Memorial","685 Maple Avenue","Glen Rock","NJ","07452"
"Memorial Field Park Ridge","Jack J Healey Dr","Park Ridge","NJ","07656"
"Memorial Park #1","Intersection of Leonola & Forklanding Roads","Cinnaminson","NJ","08077"
"Memorial ParkMG 1",,,,
"Memorial ParkMG5",,,,
"Memorial Park FIeld Upper #1","1200 Wabash Ave","Linwood","NJ","08221"
"Memorial Sports ComplexM01a","1040 E.Tuckerton Rd","Marlton","NJ","08053"
"Memorial Sports ComplexM02a","1040 E.Tuckerton Rd","Marlton","NJ","08053"
"Memorial Sports ComplexM02b","1040 E.Tuckerton Rd","Marlton","NJ","08053"
"Memorial Sports ComplexM03",,,,
"Memorial Sports ComplexM2","1040 E Tuckerton Rd","Marlton","NJ","08053"
"Mercer County College","1200 Old Trenton Rd","West Windsor","NJ","08550"
"Mercer County CollegeTurf","1200 Old Trenton Rd","West Windsor","NJ","08550"
"mercer county park field #1","1638 Old Trenton Rd","West Windsor Township","NJ","08550"
"Merle Ave #1",,,,
"Merrill Park","342 Fairview Ave","Colonia","NJ","07067"
"Metropolitan Oval","6060 60th Street","Flushing","NY","11378"
"Meyer Way Community Park #3","1600 Meyer Way","Jamison","PA","18929"
"Middletown Village Field #2","300 Fields Way","Middletown","DE","19709"
"Millburn High School","462 Millburn Ave","Millburn","NJ","07041"
"MILLER FIELD #1",,,,
"Miller Field #5",,,,
"Miller Fields","New Dorp Lane","Staten Island","NY","10306"
"Millville Soccer Assoc.-McCafferty #1","1400 McCafferty Blvd.","Millville","NJ","08332"
"Minisink Soccer Complex","2 Paper Mill Rd","Delaware Water Gap","PA","18327"
"Mitchel Athletic Complex #1","1 Charles Lindbergh Blvd","Uniondale","NY","11553"
"MLK Rec Park Turf","1120 Jackson Road","Silver Spring","MD","20904"
"MLK Stadium Field #1","1120 Jackson Road","Silver Spring","MD","20904"
"Mombasha","398 West Mombasha Road","Monroe","NY","10950"
"Monroe Soccer Complex #5","Perrineville Rd & Prospect Plains Rd","Monroe","NJ","08831"
"Monroe Soccer Complex #6","Perrineville Rd & Prospect Plains Rd","Monroe","NJ","08831"
"Monroe Soccer Complex Field #6","1601 Perrineville Rd","Monroe Township","NJ","08831"
"Monsignor Farrell High School #1","2900 Amboy Road","Staten Island","NY","10306"
"Montclair State University","1 Normal Ave","Montclair","NJ","07042"
"Montgomery County CC #7","340 Dekalb Pike","Blue Bell","PA","19422"
"Montville Community Park #1","130 Changebridge Rd","Montville","NJ","07045"
"Montville Community Park #2","130 Changebridge Rd","Montville","NJ","07045"
"Montville Community Park #3","130 Changebridge Rd","Montville","NJ","07045"
"Montville Community Park #4","130 Changebridge Rd","Montville","NJ","07045"
"Montville Community Turf #1","130 Changebridge Road","Montville","NJ","07045"
"Montville Community Turf #4","130 Changebridge Road","Montville","NJ","07054"
"Moravian Academy Upper School","4313 Green Pond Road","Bethlehem","PA","18020"
"Morehouse Lower FieldGrass","515 Morehouse Rd","Easton","CT","06612"
"Morris CatholicLower","200 Morris Ave","Denville","NJ","07834"
"Morris Catholic HS","200 Morris Ave","Denville","NJ","07834"
"Morris Catholic HS Upper #1","200 Morris Ave","Denville","NJ","07834"
"Morris United - Jean St #1","4 Jean St","Morristown","NJ","07960"
"Morris United-Ketch Field #1",,,,
"Morristown Beard School - Lower #2","70 Whippany Road","Morristown","NJ","07960"
"Mount Laurel United",,,,
"Mount Olive Middle SchoolTurf","160 Wolfe Road","Budd Lake","NJ","07828"
"Mount Saint Joseph High School","4403 Frederick Avenue","Baltimore","MD","21229"
"Mount Saint Mary College #1","330 Powell Ave","Newburgh","NY","12550"
"Mountain Park","2 Mountain Rd","Basking Ridge","NJ","07920"
"Mountain Park","2 Mountain Road","Basking Ridge","NJ","07920"
"MountainsideMTN","501 Upper Mountain Ave.","Montclair","NJ","07043"
"Moyer Rd","10000 Moyer Rd","Damascus","MD","20872"
"Moyer Road Park #1","10000 Moyer Road","Damascus","MD","20872"
"MS Horse Shoe Lake #06","72 Eyland Avenue","Succasunna","NJ","07876"
"MSU  Pittser Field #1","1 Normal Avenue","Monclair","NJ","07043"
"Mt St Mary College #1","330 Powell Avenue","Newburgh","NY","12550"
"Mt. Hebron High Schoolstadium","9440 Old Frederick Rd","Ellicott City","MD","21042"
"Mt. Hebron High SchoolTurf","9440 Old Frederick Rd","Ellicott City","MD","21042"
"Mt. Hebron High School (turf)","9440 Old Frederick Road","Ellicott City","MD","21042"
"Mt. Hebron HS Turf","9440 Old Frederick Rd","Ellicott City","MD","21042"
"Muldoon's FarmField 07",,,,
"Muldoons Farm#7","18911 Beallsville Rd","Poolesville","MD","20837"
"Municipal Park #1","201 Hatboro Road","Southampton","PA","18966"
"Municipal Park #2","201 Hatboro Road","Southampton","PA","18966"
"Municipal Park #3","201 Hatboro Road","Churchville","PA","18966"
"Munro Park #1","1234 Newtown Road","Warminster, Bucks County","PA","18974"
"Murtaugh 1Turf","3400 Northview Drive","Bowie","MD","20716"
"Murtaugh Field 02",,,,
"MV#2","300 Fields Way","Middletown","DE","19709"
"MV#3","300 Fields Way","Middletown","DE","19709"
"NASA - George Washington Middle School","68 Lenox Rd","Wayne","NJ","07470"
"NASA - PCTI","45 Reinhardt Road","Wayne","NJ","07470"
"Nesbitt Field / Wyoming Seminary HS #1","191 West Hoyt Street","Kingston","PA","18704"
"New Market #1","44 Stelton Rd","Piscataway","NJ","08854"
"New Oxford Senior High School #1","130 Berlin Road","New Oxford","PA","17350"
"New Town High School #1","4931 New Town Blvd.","Owings Mills","MD","21117"
"New York Red Bulls Training FacilityA","24 Melanie Lane","East Hanover","NJ","07936"
"Newark Academy","91 South orange ave","Livingston","NJ","07039"
"Newark Academy #1","91 South Orange Ave","Livingston","NJ","07039"
"Newark Academy Grass","91 South orange Ave","Livingston","NJ","07039"
"Newton High School","44 Ryerson ave","Newton","NJ","07860"
"Nike Park #7","1111 Utterback Store Rd","Great Falls","VA","22066"
"Niles Field #1","151 Garfield Ave","Madison","NJ","07940"
"NLSA Fenton Lane Fields #2","15 Fenton Lane","Chesterfield","NJ","08515"
"NLSA-Green Street @ Pennington School Field","14 Green Street","Pennington","NJ","08534"
"NLSA-Independence Park/Stony Brook Elem. Sch.IP-SB","20 Stephenson Road","Pennington","NJ","08534"
"NLSA-Twin Pines Turf","250 Pennington Lawrenceville Road","Pennington","NJ","08534"
"North Brunswick Community Park1,2,4, 5","2053 US Highway 130 South","North Brunswick","NJ","08902-4853"
"North East Elementary School","420 Albany Ave","Amityville","NY","11701"
"North Small #1","343 Ramapo valley Rd","Mahwah","NJ","07430"
"Northeast SchoolNES","603 Grove St.","Montclair","NJ","07043"
"Northern Burlington County Regional Middle School","180 Mansfield Road East","Columbus","NJ","08022"
"Notre Dame High School (Turf)","601 Lawrenceville Rd","Lawrence Township","NJ","08648"
"Notre Dame Prep","815 Hampton Lane","Towson","MD","21286"
"Notre Dame PrepTurf",,,,
"Notre Dame Prep School #1","815 Hampton Lane","Towson","MD","21286"
"Nottingham Park #1","9510 Stapleford Rd","Rosedale","MD","21237"
"Nut Swamp School","925 Nutswamp Road","Middletown","NJ","07748"
"NVOT Upper Grass","150 central ave","old tappan","NJ","07675"
"O'Brien Field",,,,
"Oak Park FSOP10",,,,
"Oak Park SSOP8",,,,
"Oak Park SSOP9",,,,
"Oakdale HSStadium","5850 Eaglehead Dr","Ijamsville","MD","21754"
"Oakland Mills HSStadium","9410 Kilimanjaro Road","Columbia","MD","21045"
"OBGC#1","4501 Route 108","Olney","MD","20832"
"OBGC#3","4501 Route 108","Olney","MD","20832"
"Ocean County College (OCC)SS",,,,
"Ocean County College Grass FS","1 college drive","toms river","NJ","08754"
"Ocean County College Grass SS","1 college drive","toms river","NJ","08754"
"Ocean County College Turf #1",,,,
"Ocean TwpOTIS4","1200 West Park Ave","Ocean","NJ","07712"
"Ocean Twp - DowD2","555 Dow Avenue","Oakhurst","NJ","07755"
"Ocean Twp - HSJV","555 Dow Avenue","Oakhurst","NJ","07755"
"Ocean Twp - HSTurf","550 West Park Avenue","Oakhurst","NJ","07755"
"Ocean Twp - OTISO2","1200 West Park Avenue","Ocean","NJ","07712"
"Ocean Twp - OTISO5","1200 West Park Avenue","Ocean","NJ","07712"
"Ocean Twp United",,,,
"Oceanside Park #1","3800 Mahlon Brower Dr","Oceanside","NY","11572"
"Oceanside ParkTurf","3800 Mahlon Brower Dr","Oceanside","NY","11572"
"OJR3 South Turf (11v11)OJR3","981 Ridge Road","Pottstown","PA","19465"
"Oklahoma Road MS Middle Field","6300 Oklahoma Road","Sykesville","MD","21784"
"Old Mill High School #1","600 Patriot Lane","Millersville","MD","21108"
"Old Mill HSTurf","600 Patriot Lane","Millersville","MD","21108"
"Old National Pike Park#4","12406 Old National Pike","Mt. Airy","MD","21771"
"Old National Pike Park #1","12406 Old National Pike","Mt. Airy","MD","21771"
"Old Troy Park #1","335 Reynolds Ave","Parsippany","NJ","07054"
"Opatut Park #4","458 East Freehold Rd","Freehold","NJ","07728"
"OPATUT PARK #5","458 East Freehold Road","Freehold","NJ","07728"
"Opatut West5B","486 East Freehold Road","Freehold","NJ","07728"
"Opatut WestOP5","486 East Freehold Road","Freehold","NJ","07728"
"Orangetown Soccer Complex4 Turf","175 Old Orangeburg Rd","Orangeburg","NY","10962"
"Orangetown Soccer Field Complex#6","175 Old Orangeburg Rd","Orangeburg","NY","10962"
"Orangetown Soccer Field Complex #2","200 Old Orangeburg Road","Orangeburg","NY","10962"
"Orchard Hills Park #3","164 OTHORIDGE RD","Lutherville-Timonium","MD","21093"
"Overpeck #1","199 Challenger Rd","Ridgefield Park","NJ","07660"
"Overpeck #2","199 Challenger Road","Ridgefield Park,","NJ","07660"
"Ovid Hazen ParkField 01","12001 Skylark Rd","Clarksburg","MD","20871"
"Owl HollowOH#2","1757 Arthur Kill Rd","Staten Island","NY","10312"
"Owl HollowOH#3","1757 Arthur Kill Rd","Staten Island","NY","10312"
"Owl Hollow Field#2","1757 Arthur Kill Road","Staten Island","NY","10312"
"Owl Hollow Soccer Field#2","1757 Arthur Kill Rd","Staten Island","NY","10312"
"Owl Howl Soccer Fields #3","1757 Arthur Rd","Staten Island","NY","10312"
"Owl Howl Soccer Fields #4","1757 Arthur Rd","Staten Island","NY","10312"
"Palisades High School #1",,,,
"Palisades Park Sports Complex","230 Roosevelt Place","Palisades Park","NJ","07650"
"Park School - Kelly Turf","2425 Old Court Road","Baltimore","MD","21208"
"Parkside #3","100 Water Plant Way","Downingtown","PA","19335"
"Parkwood Youth Organization #1","3301 Mechanicsville Rd","Philadelphia","PA","19154"
"Pascack Hill HS","225 W. Grand Ave.","Montvale","NJ","07645"
"Pascack Hills High School #1","225 W. Grand Avenue","Montvale","NJ","07645"
"Pascack Valley High School #1",,,,
"Pascack Valley HS","200 Piermont Ave.","Hillsdale","NJ","07642"
"Pasco - PCT High School Football field #1","45 Reinhardt Road","Wayne","NJ","07470"
"Pasco - PCT High School Soccer field #2","45 Reindhart Road","Wayne","NJ","07470"
"Passaic High School Boverini Stadium #1","262 River Drive","Passaic","NJ","07055"
"Patapsco High SchoolGrass","8100 Wise Ave","Dundalk","MD","21222"
"Pawling Sports Complex","48 Fairground Rd.","Lewisburg","PA","17837"
"PCT High SchoolFootball","45 Reinhardt Road","Wayne","NJ","07470"
"PCT High SchoolSoccer","45 Reinhardt Road","Wayne","NJ","07470"
"PCT Lower Soccer Field #1","45 Reinhardt Road","Wayne","NJ","07470"
"PDA",,,,
"PDA1A SS","2 Upper Pond Road","Somerset","NJ","08873"
"PDA1B SS",,,,
"PDA Fields at Westhampton Sports Complex #1","315 Bridge Street","Westampton","NJ","08060"
"PDA South Westampton Sports Complex #1","315 Bridge Street","Westampton","NJ","08060"
"PDA Zarepath #1","1 Upperpond Rd","Somerset","NJ","08873"
"Pelini Park #7","Center Lane","Levittown","NY","11756"
"Penn Fusion Delacy Soccer Complex #3","500 S Creek Road","West Chester","PA","19382"
"Penn Fusion Delacy Soccer Complex  #1","500 S Creek Road","West Chester","PA","19382"
"Penn Fusion Delacy Soccer Complex #4","500 S Creek Road","West Chester","PA","19382"
"Penn Fusion Delacy Soccer Complex #5","500 S Creek Road","West Chester","PA","19382"
"Penn Fusion Fellowship Field #1","241 Fellowship Road","Chester Springs","PA","19425"
"Penn Fusion Thornbury Soccer Park #2","1200 S Westtown Road","West Chester","PA","19382"
"Penn Fusion United Sports Training Center #3","1426 Marshallton-Thorndale Road","Downingtown","PA","19335"
"Penn Fusion United Sports Training Center #4","1426 Marshallton-Thorndale Road","Downingtown","PA","19335"
"Penn Legacy East Petersburg Campus #1","5700 Lemon St","East Petersburg","PA","17520"
"Penn Legacy East Petersburg Campus #3","5700 Lemon St","East Petersburg","PA","17520"
"Penn Legacy East Petersburg Campus #4","5700 Lemon St","East Petersburg","PA","17520"
"Penn Legacy East Petersburg Campus #5","5700 Lemon St","East Petersburg","PA","17520"
"Pennigton Park #1","372 McBride Ave","Paterson","NJ","07501"
"Pequannock High School","85 Sunset Road","Pequannock Twp","NJ","07444"
"PGCBG Club Sports Park Field 04 & 05","13200 Woodmore Road","Bowie","MD","20721"
"Phil Rizzuto",,,,
"phil rizzuto park","549 morris ave","elizabeth","NJ","07208"
"Phil Rizzuto Park #1","900 Morris Ave","Union","NJ","07208"
"Philadelphia Soccer Club  -  Agusta Fields #1","10402 Decatur Road","Philadelphia","PA","19154"
"Philipsburg Athletic Complex","829 Belvidere Rd","Philipsburg","NJ","08865"
"Pier 40 Court Yard East","353 West Street","New York","NY","10014"
"Pier 40 Court Yard West","353 West Street","New York","NY","10014"
"Pier 40 RooftopRT","Pier 40, West Side Highway and West Houston Street","New York","NY","10014"
"Pileggi Park #2","4209 Shoemaker Road","Huntingdon Valley","PA","18966"
"Pingry Upper School","131 Martinsville Rd","Basking Ridge","NJ","07920"
"Piscataway HS Turf Field #23","100 Behmer Rd","Piscataway","NJ","08854"
"Pittser Field","Normal Ave @ Montclair State University","Montclair","NJ","07043"
"Plateau Field #4","130 Davisville Rd","Warminster","PA","18974"
"Pleasant Valley Elementary School #1","476 Polk Township Road","Kunkletown","PA","18058"
"Pleasant Valley Park","3415 Valley Road","Basking Ridge","NJ","07920"
"Plumeri Sports ComplexSt Rose College Turf Field",,,,
"Polo Field","111 County Line Road","Bryn Mawr","PA","19010"
"Polo Fields #1","111 County Line Road","Bryn Mawr","PA","19010"
"Poly Prep County Day School #1","9216 7th Ave","Brooklyn","NY","11228"
"Ponderosa Park","1600 Cooper Rd.","Scotch Plains","NJ","07076"
"Pope John High School","28 Andover Rd","Sparta","NJ","07871"
"Pope John HS","28 Andover Road","Sparta","NJ","07871"
"Pope John Regional BlueTurf","at 28 Andover Rd","Sparta","NJ","07871"
"Princeton FC",,,,
"Princeton FC Farmview Fields FS","515 Great Road","Princeton","NJ","08540"
"Princeton FC Farmview Fields SF","515 Great Road","Princeton","NJ","08540"
"Princeton FC Smoyer Park","613 Snowden Lane","Princeton","NJ","08540"
"Princeton FC Smoyer Park SF","625 Snowden Lane","Princeton","NJ","08540"
"Princeton Stuart School","1200 Stuart Rd","Princeton","NJ","08540"
"Prospect Mill Elementary School #1","101 Prospect Mill Rd","Bel Air","MD","21015"
"Proving Ground #1","700 Conshohcken Road","Conshohcken","PA","19428"
"Proving Ground #2","700 Conshohken Road","Conshohken","PA","19428"
"PROVING GROUNDS 3","707 Conshohocken Road","Conshohocken","PA","19428"
"Proving Grounds Field #2","725 Conshohocken Rd","Conshohocken","PA","19428"
"PSC Agusta Fields - # 7 #7","10402 Decatur Road","Philadelphia","PA","19154"
"PSC/AgustaA2",,,,
"PSC/AgustaA4",,,,
"PSC/AgustaA6",,,,
"PSC/AgustaA7",,,,
"Pulaski Park","100 4th Street","Passaic","NJ","07055"
"Pulaski Park","100 4th Street","Passaic","NJ","07055"
"Pulis #1",,,,
"Pulis #2","Spring Meadow Avenue","Wycoff","NJ","07481"
"Pulis Field A","Spring Meadow Avenue","Wycoff","NJ","07481"
"Purnell School","51 Pottersville Rd","Pottersville","NJ","07979"
"Purnell School #1","50 Hackelbarney Road","Pottersville","NJ","07979"
"Ralston Lower #1","326 Mendham Road West","Mendham","NJ","07945"
"Ralston Upper","320 mendham road west","Mendham","NJ","07945"
"Ralston Upper #13","326 Mendham Road West","Mendham","NJ","07945"
"Ramapo Colleg North Field #1",,,,
"Ramapo CollegeB",,,,
"Ramapo College Turf Field","505 Ramapo Valley Road","Mahwah","NJ","07430"
"Ramapo College Women's Grass","505 Ramapo Valley Road","Mahwah","NJ","07430"
"Randall Junior High School #1","25 I Street, SW","Washington","DC","20024"
"Randall Rec Center","25 I Street, SW","Washington","DC","20024"
"Randall's #60","Wards Meadow Loop","New York","NY","10035"
"Randall's Island #45","1 Randall's Island","New York","NY","10035"
"Randall's Island #51","1 Randall's Island","New York","NY","10035"
"Randall's Island #71","1 Randall's Island","New York","NY","10035"
"Randall's Island #80",,,,
"Randall's Island #84","1 Randall's Island","New York City","NY","10035"
"Randall's Island #6",,,,
"Randalls Island #10","20 Randall%E2%80%99s Island","New York","NY","10035"
"Randalls Island #50",,,,
"Randalls Island #73","20 Randall%E2%80%99s Island","New York","NY","10035"
"Randalls Island #82","20 Randall%E2%80%99s Island","New York","NY","10035"
"Randalls Island #85","20 Randall%E2%80%99s Island","New York","NY","10035"
"Randalls Island #90","20 Randall%E2%80%99s Island","New York","NY","10035"
"Randalls #83","83 East River Lane","New York City","NY","10035"
"Randalls #84","East River Lane","NY","NY","10035"
"Randalls Island #45","20 Randalls Island Park","NY","NY","10035"
"Randalls Island #51","central road","NY","NY","10035"
"Randalls Island #62","20 Randalls Island Park","ny","NY","10035"
"Randalls Island #80","20 Randalls Island Park","NY","NY","10035"
"Randalls Island #80","East River Lane","NY","NY","10035"
"Randalls Island #81","Wards Meadow Loop","New York","NY","10035"
"Randalls Island #83","East River Lane","New York","NY","10035"
"Randalls Island #83","1 Randalls Island park","New York","NY","10035"
"Randalls Island #83","20 Randall%E2%80%99s Island","New York","NY","10035"
"Randalls Island #85","East River Lane","New York","NY","10035"
"Raritan Valley Community College","118 Lamington Road","Branchburg","NJ","08876"
"Raritan Waterfront Park #1","John O'Leary Blvd","South Amboy","NJ","08879"
"Rec CenterA","120 Englishtown-Freehold Road","Manalapan","NJ","07726"
"Rec CenterA1","120 County Road 522","Manalapan","NJ","07726"
"Rec CenterB","120 County Road 522","Manalapan","NJ","07726"
"Rec CenterD/SS","120 County Road 522","Manalapan","NJ","07726"
"Rec CenterH","120 County Road 522","Manalapan","NJ","07726"
"Reservoir High School","11550 Scaggsville Road","Fulton","MD","20759"
"Reservoir High SchoolTurf","11550 Scaggsville Road","Fulton","MD","20759"
"Reynolds #1","367 Reynolds Avenue","Parsippany","NJ","07054"
"Reynolds Ave Soccer Complex #1","335 Reynolds Avenue","Parsippany","NJ","07054"
"RFK Turf Field #1","279 Oklahoma Ave, NE","Washington","DC","20002"
"Richard MontgomeryHS","250 Richard Montgomery Drive","Rockville","MD","20852"
"Richard Montgomery HSTurf","250 Richard Montgomery Dr","Rockville","MD","20852"
"Richboro Elementary #23","125 Upper Holland Road","Richboro","PA","18954"
"Ridge Road Rec Center DC","800 Ridge Rd, SE","Washington","DC","20019"
"Ridge Road Rec Pk #4","21155 Frederick Rd","Germantown","MD","20841"
"Ridge Road Rec Pk #4","21155 Frederick Rd","Germantown","MD","20876"
"Ridge Road Rec PkField 04","21155 Frederick Road","Germantown","MD","20876"
"Ridge Road Rec PkField 05","21155 N Frederick Rd","Germantown","MD","20876"
"Ridge Road Rec PkField 05","21155 Frederick Rd","Germantown","MD","20876"
"Ridgewood HS Stadium #1","627 East Ridgewood Avenue","Ridgewood","NJ","07450"
"Ridgewood Park #1","125 North Maple Ave","Ridgewood","NJ","07450"
"Riggs LaSalle Recreation CenterTurf","501 Riggs Rd NE","Washington","DC","20011"
"River Hill High SchoolStadium","11550 Scaggsville Rd","Fulton,","MD","20759"
"River Park #3","Seber Road","Hackettstown","NJ","07840"
"River Soccer Club#1","32221 Gum Rd","Frankford","DE","19945"
"River Soccer Club#2","32221 Gum Rd","Frankford","DE","19945"
"RiverBank Park","27 Somme St.","Newark","NJ","07105"
"Riverbank Park #1",,,,
"RiverFront Park","553 Raymond Blvd.","Newark","NJ","07105"
"Riverfront Park #1","1-3 Brill St","Newark","NJ","07105"
"Riverside County ParkFootball",,,,
"Riverside Park","915 Valley Road","Gillette","NJ","07933"
"RIverside Park Turf Field #1","915 Valley Rd","Gillette","NJ","07933"
"Riverwood ParkR7","Riverwood Road","Toms River","NJ","08753"
"Robbinsville Community Park #4","15 West Manor Way","Robbinsville","NJ","08691"
"Robbinsville Community Park #5","15 West Manor Way","Robbinsville","NJ","08691"
"Robbinsville Community Park #6","15 West Manor Way","Robbinsville","NJ","08691"
"Robbinsville Community Park #7","15 West Manor Way","Robbinsville","NJ","08691"
"Robbinsville High School #1","155 Robbinsville Edinburg Rd","Trenton","NJ","08691"
"Rockville Centre Sports Complex #1","1000 Peninsula Blvd","Rockville Centre","NY","11570"
"Roger Ludlowe Middle School #1","689 Unquowa Rd","Fairfield","CT","06824"
"Rogers Forge ES North Field #1","250 Dumbarton Road","Baltimore","MD","21212"
"Roosevelt Intermediate School","301 Clark Street","Westfield","NJ","07090"
"Roosevelt Intermediate School","301 Clark Street","Westfield","NJ","07090"
"Rosedale Rec Center","1701 Gales St NE","Washington","DC","20002"
"Rowan Univ. West Campus Turf","101 Neale Road","Glassboro","NJ","08028"
"Roy W Brown #1","130 South Washington Avenue","Bergenfield","NJ","07621"
"Rush Soccer Complex#4","1645 Upper State Road","Doylestown","PA","18901"
"Rush Soccer Complex #1","1645 Upper State Road","Doylestown","PA","18901"
"Rush Soccer Complex #2","1645 Upper State Road","Doylestown","PA","18901"
"Rustin High School Turf Field #1","1100 Shiloh Road","West Chester","PA","19382"
"Rutgers-Busch Sport ClubTurf","75 Brett Rd","Piscataway","NJ","08854"
"Rutgers-Busch University ParkTurf","675 Bartholomew Rd","Piscataway","NJ","08854"
"Rutgers-Busch University ParkTurf 2","675 Bartholomew Rd","Piscataway","NJ","08854"
"Sacred Heart UniversityTurf","5151 Park Ave","Fairfield","CT","06825"
"Saint John VianneyHS","540-A Line Road","Holmdel","NJ","07733"
"Saints Peter and Paul High School #1","900 High Street","Easton","MD","21601"
"Sandymount Elementary School #1","2222 Old Westminster Pike","Finksburg","MD","21048"
"Sandymount Elementary School #3","2222 Old Westminster Pike","Finksburg","MD","21048"
"Sayreville Sports ComplexField 5","4441 Bordentown Ave","Sayreville","NJ","08872"
"Schucks Regional Park","301 Schucks Road","Bel Air","MD","21015"
"Schucks Regional Park#1","301 Schucks Road","Bel Air","MD","21015"
"Schuyler Colfax Middle School","1500 Hamburg Turnpike","Wayne","NJ","07470"
"Schuyler-Colfax Middle School #1","1500 Hamburg Turnpike","Wayne","NJ","07470"
"Scotch Plains Fanwood #1",,,,
"SDFC 09 Fortunato FieldHS","Essex Avenue","Montclair","NJ","07042"
"Seminary ParkTurf","1422 Burton Avenue","Lutherville-Timonium","MD","21093"
"Seminary ParkTurf","1422 Burton Ave.","Lutherville-Timonium","MD","21093"
"Seventh District Elementary School #1","20300 York Rd","Parkton","MD","21120"
"Seventh District Elementary School #3","20300 York Rd","Parkton","MD","21120"
"Shelter Cove FS #13","Bay Avenue and Tiller Drive","Toms River","NJ","08753"
"Shelter Cove SS #15",,,,
"Shissler Rec","1800 Blair Street","Philadelphia","PA","19125"
"Shore Rd Park #1","84 Shore Rd","Lindenhurst","NY","11757"
"Sid Fey","1599 Lamberts Mill Rd","Westfield","NJ","07090"
"Sidwell Friends School #1","3825 Wisconsin Ave NW","Washington","DC","20016"
"Smith1 Turf","69 Baldwin Road","Parsippany","NJ","07054"
"Smith Field #1","US-46 Parsippany","Parsippany","NJ","07054"
"Snyder Ave. Field (Turf)","216 Snyder Ave.","Berkeley Heights","NJ","07922"
"Snyder Avenue Park #1","240 Snyder Ave","Berkeley Heights","NJ","07922"
"Soldier #1",,,,
"Soldier #2","Lakewood Farmingdale Road","Howell","NJ","07731"
"Soldier #3","Lakewood Farmingdale Road","Howell","NJ","07731"
"SoldierField 02","Lakewood Farmingdale Road","Howell","NJ","07731"
"Somers High School #2","120 Primrose Street","Lincolndale","NY","10540"
"Somers High SchoolT2","120 Primrose Street","Lincolndale,","NY","10540"
"Somers High SchoolT2","120 Primrose Street","Lincolndale","NY","10540"
"SOUTH ARDMORE PLAYGROUNDField","430 Sussex Road","Wynnewood","PA","19096"
"South Gunner's Branch Local Park #1","12919 Prairie Knoll Court","Germantown","MD","20874"
"South Run District ParkTurf #6","7550 Reservation Dr","Springfield","VA","22153"
"South Woods Road Soccer Fields #2","560 South Woods Road","Hillsborough","NJ","08844"
"Southern HS #1","4400 Solomons Island Rd","Harwood","MD","20776"
"Southside Field #1","1920 Raritan Road","Scotch Plains","NJ","07076"
"Spark Field","724 Susquehanna Road","Ambler","PA","19002"
"Spark turf field #2","725 Susquehanna Rd.","Fort Washington","PA","19034"
"Sparta Church Field #1","429 Lafayette Road, ","Sparta","NJ","07871"
"Sparta Evangelical ChurchLarge","429 Lafayette Rd","Sparta","NJ","07871"
"Sparta Evangelical ChurchSmall","429 Lafayette Rd","Sparta","NJ","07871"
"Spencer Rockman Complex","1Clif Prescod Lane","Edison","NJ","08817"
"Speno Park #1","745 East Meadow Ave","East Meadow","NY","11554"
"SPFSA - Ponderosa #1","1600 Cooper Road","Scotch Plains","NJ","07076"
"SPFSA - Southside #1","1920 Raritan Road","Scotch Plains","NJ","07076"
"SPFSA VoTech #1A","1776 Raritan Rd","Scotch Plains","NJ","07076"
"Sportfriends Grass Oval","1 Ryerson Ave","Wayne","NJ","07470"
"Sportika Sports","150 Woodward Road","Manalapan","NJ","07726"
"Sportsfriends Grass 9v9","30 Ryerson Ave","Wayne","NJ","07470"
"Sportsfriends Turf",,,,
"Sprague Field #1","Normal Avenue","Montclair","NJ","07043"
"St James Field","321 South Limerick Road","Limerick","PA","19468"
"St Rose Athletic FieldsFS","5114 Hurley Pond Road","Wall","NJ","07719"
"St Rose Fields #1","432 Western Ave","Albany","NY","12203"
"St. Andrews Episcopal High SchoolTurf","8804 Postoak Rd","Potomac","MD","20854"
"St. James SchoolTurf","17641 College Rd","Hagerstown","MD","21740"
"St. John Vianney RC","105 Vianney Lane","Prince Frederick","MD","20678"
"St. John's College High School","2607 Military Rd. NW","Chevy Chase","DC","20015"
"St. Mary's Ryken High School","22600 Camp Calvert Rd.","Leonardtown","MD","20650"
"Stansbury Park #1","7800 Stansbury Road","Baltimore","MD","21222"
"Stewart Park","97 Lincoln Mill Road","South Harrison","NJ","08062"
"Stone Church field #1","Stone Church Rd & Yantz Rd","Rhinebeck","NY","12572"
"Stone Point Park","1000 Westwood Avenue","Old Tappan","NJ","07675"
"Stoney Brook Field #1","99 Stoney Brook Road","Hanover","NJ","07981"
"Stony Brook Field #1","Stoney Brook Rd","Whippany","NJ","07981"
"Stony Brook P-Lot #2","P-Lot, South Campus","Stony Brook","NY","11794"
"Stony Brook University Turf #1","South P Lot, 100 Nicholls Road","Stony Brook","NY","11794"
"STRONGHOLD SC - Gill St. Bernard's School #1","St. Bernard's Road","Gladstone","NJ","07934"
"STRONGHOLD SC - Gill St. Bernard's SchoolTurf","St. Bernard's Road","Gladstone","NJ","07934"
"Stuart Country Day School","1200 Stuart Road","Princeton","NJ","08540"
"Stuart Country Day School Field #1","1200 Stuart Rd","Princeton","NJ","08540"
"Sullivan Trail Fields","3201 Sullivan Trail","Easton","PA","18020"
"Summit Glenside Field #01","196 Glenside Avenue","Summit","NJ","07901"
"Summit High School#1","125 Kent Place Boulevard","Summit","NJ","07901"
"Summit Investors Field #01","Butler Parkway","Summit","NJ","07901"
"Summit Memorial Varsity #01","1 Parkview Terrace","Summit","NJ","07901"
"Sunnybrook Park #1","2532 longmeadow rd","Lansdake","PA","19446"
"SUNY Purchase","735 Andersen Hill Road","Purchase","NY","10577"
"SUPERDOME -outdoor turf field","134 Hopper Avenue","Waldwick","NJ","07463"
"Superdome SportsIndoor","134 Hopper Avenue","Waldwick","NJ","07463"
"Sussex Academy #1","21150 Airport Rd","Georgetown","DE","19947"
"Sussex Academy #1","21150 Airport Road","Georgetown","DE","19947"
"Sussex AcademyField 01","21150 Airport Road","Georgetown","DE","19947"
"Sussex County College",,,,
"Swann Park","200 W McComas St","Baltimore","MD","21230"
"Swim and Sport Club #01","272 Emmans Rd","Flanders","NJ","07836"
"Taft School #1","90 Guernseytown Road","Watertown","CT","06795"
"Talbot County Community Center #1","10028 Ocean Gateway","Easton","MD","21601"
"Tamaques Park","1075 Lamberts Mill","Westfield","NJ","07090"
"Tamaques School","641 Willow Grove Road","Westfield","NJ","07090"
"Taylor Mills School","77 Gordons Corner Rd","Englishtown","NJ","07726"
"Taylor Mills School","77 Gordons Corner Rd","Englishtown","NJ","07726"
"TBDTBD",,,,
"Temple University - Ambler PA Campus #1","380 Meetinghouse Rd","Ambler","PA","19034"
"The Calverton School Small Sided","Calverton School Road","Huntingtown","MD","20639"
"The Club","25 Scarborough Rd","Briarcliff Manor","NY","10510"
"The Pingry School LOWER","50 Country Day Dr","Short Hills","NJ","07078"
"The Proving Ground #3","707 Conshohocken Road","Conshohocken","PA","19428"
"The Proving Grounds #1","707 Conshohocken Road","Conshohocken","PA","19428"
"The Proving Grounds #1","707 Conshocken Rd","Conshohocken","PA","19428"
"The Proving Grounds1A","707 Conshohocken Road","Conshohocken","PA","19428"
"The Proving Grounds #2","707 Conshohocken Road","Conshohocken","PA","19428"
"The Proving Grounds2A","707 Conshohocken Road","Conshohocken","PA","19428"
"The Proving Grounds2A","707 Conshocken Rd","Conshohocken","PA","19428"
"The Taft School #1","90 Guernseytown Road","Watertown","CT","06795"
"The Wardlaw-Hartridge School Rear SS Turf #1","1295 Inman Avenue","Edison","NJ","08820"
"The Wardlaw-Hartridge School Rear Turf Field #2","1295 Inman Avenue","Edison","NJ","08820"
"The Willow School","1150 Pottersville Rd","Gladstone","NJ","07934"
"ThompsonSS","805 Newman Springs Rd","Colts Neck","NJ","07738"
"Thompson Family ParkB1","40 E Wolfert Station Rd","Mickleton","NJ","08056"
"Thompson Park","805 Newman Springs Rd","Lincroft","NJ","07738"
"Thompson Park#1",,,,
"Thompson Park#2",,,,
"Thompson ParkB4","40 East Wolfert Station Road","Mickleton","NJ","08056"
"Tibbetts Brook Park #2","Midland Ave and Teresa Ave","Yonkers","NY","10704"
"Ticetown","Ticetown Road","old bridge","NJ","08857"
"Tickneck Park #1","7750 Edwyn Raynor Road","Pasadena","MD","21122"
"Tiffany Fields #1","835 St Johnland Road","Kings Park","NY","11754"
"Tinton Falls",,,,
"Tinton Falls/Sycamore Soccer Complex #1",,,,
"Tinton Falls/Sycamore Soccer Complex #2","977 Sycamore Ave","Tinton Falls","NJ","07724"
"Tinton Falls/Sycamore Soccer Complex #5","977 Sycamore Ave","Tinton Falls","NJ","07724"
"Todd ES Grass","45 Ingham Rd","Briarcliff Manor","NY","10510"
"Tollgate Park #1","704 N. Tollgate Road","Bel Air","MD","21014"
"Tomlinson Middle School #1","200 Unquowa Rd","Fairfield","CT","06824"
"Torpey Athletic Complex","180 Nimitz St","Bridgewater","NJ","08807"
"Towson High SchoolTurf","69 Cedar Ave","Towson","MD","21286"
"Trinity Catholic High School","926 Newfield Avenue","Stamford","CT","06905"
"Trinity High SchoolTurf","926 Newfield Ave","Stamford","CT","06905"
"Trotters Crossing ComplexTR1",,,,
"Trotters Crossing ComplexTR2",,,,
"Trotters Crossing ComplexTR3",,,,
"TSF Academy",,,,
"Tuckahoe #34","401 N. MYRTLE STREET","Hammonton","NJ","08037"
"Tuckahoe (11v11) #1","599 Union Road","Hammonton","NJ","08037"
"Tuckahoe (9v9) #6","599 union road","Hammonton","NJ","08037"
"Tuckahoe (9v9) #7","599 union road","Hammonton","NJ","08037"
"Tuckahoe Sod Farm #1","401 N. MYRTLE STREET","HAMMONTON","NJ","08037"
"Tuckahoe Turf Farm #01","401 N. Myrtle Street","Hammonton","NJ","08037"
"Tulpehocken HS #1","430 New Schaefferstown Rd","Bernville","PA","19605"
"Turk #1","Turk Rd & Almshouse Road","Doylestown","PA","18902"
"Turk #3","Turk Rd & Almshouse Road","Doylestown","PA","18902"
"Turk #4","Turk Rd & Almshouse Road","warrington","PA","18976"
"Turkey Brook Park #1","50 Flanders Road","Budd Lake","NJ","07828"
"Turkey Brook Park #2","50 Flanders Road","Budd Lake","NJ","07828"
"Turkey Brook Park #4","50 Flanders Road","Budd Lake","NJ","07828"
"Turkey Brook Park #4","30 Flanders Road","Budd Lake","NJ","07828"
"Turkey Brook Park4A","50 Flanders Road","Budd Lake","NJ","07828"
"Turkey Brook Park4B","50 Flanders Road","Budd Lake","NJ","07828"
"Turkey Swamp Park","200 Georgia Road","Freehold","NJ","07728"
"Turkey Swamp Park Lower #1","200 Georgia Road","Freehold","NJ","07728"
"Twin Pines","241 Federal City Road,Pennington, NJ 08534Road","Lawrenceville","NJ","08648"
"Twin Pines11v11","250 Pennington-Lawrenceville Road","Pennington","NJ","08534"
"Tyler Davis Fields","10 Sunset Dr","Woodbine","NJ","08270"
"UASC #1","1 Lower State Rd","Chalfont","PA","18914"
"UASC #2","1 Lower State Rd","Chalfont","PA","18914"
"UASC #5","1 Lower State Rd","Chalfont","PA","18914"
"UASC #6","1 Lower State Rd","Chalfont","PA","18914"
"UASC6a","1 Lower State Road","Chalfont","PA","18914"
"UASC6b","1Lower State Road","Chalfont","PA","18914"
"UDHS Cardinal Stadium","800 Loch Alsh Avenue","Fort Washington","PA","19034"
"UGH Club #2","4666 Bristol Road","Oakford","PA","19053"
"UGH Club #3","4666 Bristol Road","Oakford","PA","19053"
"UGH Club #4","4666 Bristol Road","Oakford","PA","19053"
"Ukrainian Nationals Sports Complex #1","1 Lower State Road","North Wales","PA","19454"
"Ukrainian Nationals Sports Complex #2","1 Lower State Rd","North Wales","PA","19454"
"Ukrainian Nationals Sports Complex5A","1 Lower State Rd","North Wales","PA","19454"
"Ukrainian Nationals Sports Complex #6","1 Lower State Rd","North Wales","PA","19454"
"Ukrainian Nationals Sports Complex6A","1 Lower State Rd","North Wales","PA","19454"
"Ulla Popken #1","12201 Long Green Pike","Glen Arm","MD","21057"
"Union College Park",,,,
"United Sports #05","1426 Marshallton-Thorndale Road","Downingtown","PA","19335"
"United Sports #07","1426 Marshallton-Thorndale Road","Downingtown","PA","19335"
"University of Bridgeport Knights Field #1","113 University Ave","Bridgeport","CT","06604"
"Upper Esternay","813 Fairmount Avenue","Chatham","NJ","07928"
"Valley Fields North","441 W. Timonium Road","Lutherville-Timonium","MD","21093"
"Valleybrook #1","10 Golfview Drive","Blackwood","NJ","08012"
"Vanderburg #10","134 Vanderburg Road","Marlboro","NJ","07746"
"Vanderburg #13","134 Vanderburg Road","Marlboro","NJ","07746"
"Vanderburg #15","134 Vanderburg Road","Marlboro","NJ","07746"
"Vanderburg #9","134 Vanderburg Road","Marlboro","NJ","07746"
"Venetian Shores Park","850 Venetian Blvd","Lindenhurst","NY","11757"
"Venetian Shores Park #1","xxx","Lindenhurst","NY","11757"
"Vermes Field #1","Tenby Chase Drive","Delran","NJ","08077"
"Verrazano Sports Complex at Calvert Vaux Park #2","1990 Shore Parkway","Brooklyn","NJ","11214"
"Veteran's Athletic Field #1","Veteran's Drive","South River","NJ","08882"
"VeteransTurf 1","1855 US Highway 46","Parsippany","NJ","07054"
"Veterans Athletic Field #1","Veterans Drive","South River","NJ","08882"
"Veterans Field","15 Oak Lane","Essex Fells","NJ","07021"
"Veterans Park #1","2264 Kuser Road","Hamilton","NJ","08690"
"Veterans Park #1","279 Bellerose Avenue","East Northport","NY","11731"
"Veterans Park (11v11)","234 Durham Road (Route 413)","Newtown","PA","18940"
"Veterans Park 9V9","2388 Kuser Rd","Hamilton","NJ","08690"
"Veterans Park Hamilton 9v9 #1","2388 Kuser Rd","Hamilton","NJ","08690"
"Vets Field #1","366 Sporthill Rd","Easton","CT","06612"
"volunteer #2",,,,
"Volunteers Park Lower #9","1 Seminole Avenue","Lake Hiawatha","NJ","07034"
"Voorhees SA",,,,
"Votee Park SportsPlex #1","1308 Palisade Ave","Teaneck","NJ","07666"
"W.N.Y. Centennial Soccer Field","11 Port Imperial Blvd","West New York","NJ","07093"
"Walker Mill RegionalPark","8100 Walker Mill Rd","District Heights","MD","20747"
"Walker Mill RP","8100 Walker Mill Road","District Heights","MD","20747"
"Walker Mill RP #1","8840 Walker Mill Road","District Heights","MD","20747"
"Walter Johnson HS #1","6400 Rock Spring Dr","Bethesda","MD","20814"
"Walter Johnson HSTurf","6400 Rock Spring Drive","Bethesda","MD","20814"
"Wardlaw Hartridge HS Turf #1","1295 Inman Ave","Edison","NJ","08820"
"Wardlaw Hartridge School #1","1295 Inman Ave","Edison","NJ","08820"
"Warinanco Track",,,,
"Warwick Town ParkA1","117 Union Corners Road","Warwick","NY","10990"
"Warwick Town ParkP1","116 Union Corners Road","Warwick","NY","10990"
"Washington Bible College #1","6511 Princess Garden Pkwy","Lanham","MD","20706"
"Washington Crossing #111v11","1240 Bear Tavern Road","Titusville","NJ","08560"
"Washingtonville High SchoolUpper","54 West Main Street","Washingtonville","NY","10992"
"Watchung Hills High SchoolTozier","108 Stirling Road","Warren","NJ","07059"
"Waterfront Field #1",,,,
"Watsessing Field","2 Conger St","Bloomfield","NJ","07003"
"Watsessing Park","542 Bloomfield Avenue","Bloomfield","NJ","07003"
"Watsessing Park","Conger St. & Bloomfield Ave.","Bloomfield","NJ","07003"
"Waugh Chapel ES (9v9)","840 Sunflower Drive","Odenton","MD","21113"
"Wayne Hills HS Turf","272 Berdan Avenue","Wayne","NJ","07470"
"Wayne Valley High School","551 Valley Road","Wayne","NJ","07470"
"WCP #7","1234 Newtown Road","Warminster, Bucks County","PA","18974"
"Wehr's Dam Scoreboard #1","2430 Lapp Rd.","Allentown","PA","18104"
"Wehr's Dam Scoreboard #1","2430 Lapp Rd","Allentown","PA","18104"
"Weimann Field #1","400 Delanco Road","Edgewater Park","NJ","08075"
"Welsh Valley Middle School #1","325 Tower Ln","Narberth","PA","19072"
"WEST CALDWELL MEMORIAL FIELD8 vs 8","95 Dodd Road","West Caldwell","NJ","07006"
"West Front","1699 West Front Street","Lincroft","NJ","07738"
"West Orange Armory/Soccer Palace","1315 Pleasant Valley Way","West Orange","NJ","07052"
"Westbeach Turf","796 Shippan Ave","Stamford","CT","06902"
"Western Reg. ParkField 04","14800 Carrs Mill Road","Woodbine","MD","21723"
"Western Regional Park#5","14800 Carrs Mill Road","Woodbine","MD","21797"
"Western Regional Park #4","14800 Carrs Mill Road","Woodbine","MD","21797"
"Western Regional Park #7","14800 Carrs Mill Rd","Woodbine","MD","21723"
"Western Regional ParkField 4","14700 Carrs Mill Road","Woodbine","MD","21797"
"Westhampton Turf #2","315 Bridge Street","Westhampton","NJ","08060"
"Westminster School 26 #1","635 Westminster Ave","Elizabeth","NJ","07208"
"Wheeler Park #1","US-1","Linden","NJ","07036"
"White Marsh Park (Eastern Shore)B","200 Bloomfield Farm Lane","Centreville","MD","21617"
"White Oak Park",,,,
"White Oak Park #1","220/221 Baird Road","Branchburg","NJ","08876"
"White Plains High School Grass #5","550 North St","White Plains","NY","10604"
"White Plains High School Turf #1","550 North St","White Plains","NY","10604"
"Whitemarsh ParkE","200 Bloomfield Farm Lane","Centreville","MD","21617"
"Whitemarsh Park (E.Shore)A","200 Bloomfield Farm Lane","Centreville","MD","21617"
"Wilde Memorial Park #1","683 Maple Ave","Glen Rock","NJ","07452"
"William Wilt Soccer Complex",,,,
"William Wilt Soccer ComplexA","162 Walters Rd","Mullica Hill","NJ","08062"
"Willow Pond Park","500 Dorothy Ave","Perth Amboy","NJ","08861"
"Wilson Farm Park #1","500 Lee Road","Wayne","PA","19087"
"Wilson Farm Park (PA) #1","500 Lee Road","Wayne","PA","19087"
"Winding Hills EastC","901 E Winding Hill Rd","Mechanicsburg","PA","17055"
"Witter Fields #1","2700 Witter Drive","Alexandria","VA","22304"
"WLP #3",,,,
"WLP #4",,,,
"WLP #5",,,,
"WLP (9v9) #7",,,,
"WLP (9v9) #8",,,,
"Woodbridge High School Football Turf","25 Samuel Lupo Place","Woodbridge","NJ","07095"
"Wooton High SchoolTurf","2100 Wootton Pkwy","Rockville","MD","20850"
"Wootton HSTurf","2100 Wootton Pkwy","Rockville","MD","20850"
"Work House Fields#1","Apple Orchard Ln.","North Brunswick","NJ","08902"
"World Class FC (NY)",,,,
"World Class FC/Waldwick SuperDome #1","134 Hopper Ave","Waldwick","NJ","07463"
"World Class Turf #4","200 Old Orangeburg Rd","Orangeburg","NY","10962"
"World Class Turf #5","200 Old Orangeburg Rd","Orangeburg","NY","10962"
"World Class/Orangetown Soccer ComplexArtifical turf #1","175 Old Orangeburg Rd","Orangeburg","NY","10962"
"WSC-SS01A","1900 Bailey's Corner Road","Wall","NJ","07719"
"WSC-SS01B","1900 Bailey's Corner Road","Wall","NJ","07719"
"WSC-SS #04","1900 Bailey's Corner Road","Wall","NJ","07719"
"WSC-SS #05","1900 Bailey's Corner Road","Wall","NJ","07719"
"WTHS (11/12) Turf #10",,,,
"Yorktown Sports Complex #1","3000 Navajo St","Yorktown Heights","NY","10598"
"YSC Sports #1","224 County Line Road","Wayne","PA","19087"
